{"val_loss": [0.6304240546883627, 0.543041727146917, 0.5305717465313079, 0.477527691387035, 0.4736180221234109, 0.47520858976108027, 0.47292022844085424, 0.49331516101166556, 0.44367146797399215, 0.43970878090538323, 0.4364329347972735, 0.4277909418087545, 0.4563789068599472, 0.4233403712405754, 0.4327278905959517, 0.44087074165209444, 0.428613182618003, 0.4277729965983347, 0.40588308465354433, 0.40920146162434096, 0.42278439143521207, 0.41349866343892505], "val_binary_accuracy": [0.6448763251936478, 0.7535335691152107, 0.7606007069243981, 0.7809187281258114, 0.7866607771745419, 0.7769434626869094, 0.7857773851590106, 0.7566254414854959, 0.7950530035335689, 0.799469964874928, 0.7959363959703344, 0.8025618372452132, 0.7871024737088503, 0.8038869260056701, 0.8105123677017831, 0.8074204946996466, 0.8052120139236585, 0.8060954065710412, 0.827738515690443, 0.8136042404933026, 0.8060954061498069, 0.8184628975265018], "loss": [0.6700145394264583, 0.6294390420605516, 0.5940768480210616, 0.5515146826409656, 0.5334593792721287, 0.519658883663477, 0.5137973869427741, 0.5049021171443061, 0.5060111719139656, 0.501354106867202, 0.4948354935561789, 0.4836269177532172, 0.48661595236860844, 0.484596127152774, 0.4755793174042662, 0.4818560688431231, 0.4768198516988237, 0.4666400318779569, 0.4605916702094267, 0.4567375670280519, 0.47051481991005617, 0.45549417492326716], "binary_accuracy": [0.5821762181568314, 0.6555162839322523, 0.6921232011215279, 0.7301186567242475, 0.7393335015356646, 0.7464024237206837, 0.7552385761622857, 0.764579651783705, 0.7624337288112057, 0.7610451907739588, 0.76167634453806, 0.7745518810187467, 0.7707649582686131, 0.7759404190258978, 0.7796011106650717, 0.7779601112636344, 0.7778338804084886, 0.7878061095080994, 0.7886897247718218, 0.7860388791461811, 0.7855339559061724, 0.7917192629027083]}