{"val_loss": [0.466948716463554, 0.41064484417438507], "val_acc": [0.8246466431095406, 0.8215547701074041], "loss": [0.6164948211809326, 0.5192110070042224], "acc": [0.6590507448216154, 0.7619288058119632]}