{"val_loss": [0.41524052767366065, 0.38443943005147335, 0.4004240575190568, 0.3689407667296514, 0.3514857916655052, 0.3443780023828412, 0.34506198595353654, 0.3328312272107222, 0.3310106361923285, 0.3221014987664172, 0.31921029575300724, 0.3330428344411479, 0.3170648551029367, 0.3132756238691377, 0.3294594268916774, 0.29987842234200385, 0.31038900825454996, 0.30064558814355424, 0.29815759122792906, 0.29572145509214365, 0.29806639706919974, 0.29268855941169253, 0.29051654014486306, 0.29189346567480806, 0.27990006721272487, 0.28803777778948997, 0.28744540534676594, 0.29273495541444516, 0.27160667056750915, 0.3156531776429908], "val_binary_accuracy": [0.8330388692579506, 0.8445229679872628, 0.8312720848056537, 0.8476148407787821, 0.8577738513794889, 0.8582155479137973, 0.8608657245922425, 0.8648409891886761, 0.8652826853017503, 0.8683745580932698, 0.8719081272084805, 0.8630742047363793, 0.8719081272084805, 0.8696996468537267, 0.863957597383762, 0.8807420496805818, 0.8696996468537267, 0.8807420492593475, 0.8776501768890623, 0.8736749116607774, 0.8754416959024571, 0.8758833922261484, 0.883833922261484, 0.8785335689045937, 0.8851590108113239, 0.8772084803547539, 0.8767667846629139, 0.8741166077738516, 0.8864840991505465, 0.8604240280579342], "loss": [0.5840418462469192, 0.4329194657371009, 0.3999778422644812, 0.38608936567072977, 0.37448325189668946, 0.3687059903454823, 0.3664561461180456, 0.35627583876097935, 0.346284107972624, 0.345875767378216, 0.339919557891329, 0.34069133588865047, 0.3354726551503613, 0.3295730161745119, 0.32174677910963656, 0.3208494320854157, 0.31852712467354194, 0.31853087629762694, 0.3144610198165274, 0.3124480203933952, 0.3060429894662331, 0.30597474567293065, 0.3005964084425168, 0.29633860449181815, 0.29584762960393995, 0.29500774843949795, 0.29444559070083476, 0.29045124220685564, 0.29077125149404, 0.2881944720280408], "binary_accuracy": [0.7013380457824663, 0.8027013381211874, 0.8202474123599162, 0.8356475638067201, 0.8365311788447245, 0.8438525624541254, 0.8447361775523212, 0.8486493310522654, 0.8555920221714683, 0.8515526382979104, 0.8564756373148078, 0.8581166370623463, 0.8576117143038697, 0.8649330978079355, 0.8680888664177709, 0.8687200200313933, 0.8639232516589714, 0.8703610200497937, 0.8697298660298786, 0.8720020196468533, 0.8712446350276064, 0.8760414036558422, 0.8774299419037593, 0.8785660186520552, 0.8795758646505405, 0.8823529412667579, 0.877556172533187, 0.8838677101441027, 0.8831103257656218, 0.8828578640101865]}