{"val_loss": [0.41759367729454916, 0.3746434385911315, 0.3707048667087993, 0.38512053643435556, 0.3570112161627928, 0.37488780647200326, 0.3544897869913822, 0.3372929479018538, 0.33797599169896264, 0.3390259082452147, 0.32708603801870517, 0.3292131672478396, 0.3305796995074505, 0.31677194639987744, 0.31272874535604417, 0.3211312275050807, 0.3149034839531558, 0.3149676517231304, 0.3020284989907969, 0.30691032664514684, 0.3024345255677355, 0.310162903773911, 0.2957002154087431, 0.2944876243074033, 0.3127822762243318, 0.28693116427310367, 0.2870425304970556, 0.28543034453905936, 0.3069328149721395, 0.29147936856578177], "val_binary_accuracy": [0.8268551236749117, 0.8396643107434465, 0.8471731446657079, 0.8387809187279152, 0.8560070673484264, 0.8458480563264854, 0.8502650174572274, 0.8604240284791683, 0.8617491166077739, 0.8630742047363793, 0.8670494697540472, 0.8652826857229846, 0.8652826855123675, 0.8679328624014299, 0.8710247349823321, 0.8679328624014299, 0.871024734771715, 0.8661660775278988, 0.875, 0.8714664313060235, 0.8732332155477032, 0.8714664310954063, 0.8767667842416798, 0.8789752648070507, 0.8719081269978635, 0.8798586570331991, 0.8803003531462733, 0.8776501764678281, 0.8696996468537267, 0.8772084807759881], "loss": [0.5494398270192636, 0.4171172347116338, 0.3944701268738552, 0.391612889519306, 0.38874149166011834, 0.3743408682204292, 0.3744162871993512, 0.363920151743435, 0.3555660342002451, 0.3638329917178916, 0.34970556359434335, 0.3442210023058872, 0.33824047087359027, 0.3402563527252782, 0.33152150400161623, 0.3310680443952855, 0.32628600390774226, 0.32465813760202483, 0.32155170533368754, 0.31350176049524775, 0.312658862095835, 0.3144997757015671, 0.31084803745951867, 0.30955733806910585, 0.30470435004196994, 0.30565852738636606, 0.2962424317052707, 0.29735207301864297, 0.2959223068353354, 0.29521629935832555], "binary_accuracy": [0.7234284272551447, 0.8146932592177686, 0.8255491038369157, 0.8299671799599055, 0.8297147184301885, 0.8401918707096164, 0.8391820246659876, 0.8448624085729937, 0.8459984854115769, 0.8457460237012852, 0.8511739458077124, 0.8550870992926087, 0.854960868302032, 0.8583690986823506, 0.8627871748203884, 0.8617773290325734, 0.8643019438030684, 0.865564251526893, 0.8663216358000387, 0.8741479424237302, 0.8722544812668577, 0.8690987124012083, 0.8675839432981453, 0.8727594041607651, 0.8731380965305802, 0.8775561725181391, 0.8776824034184285, 0.8776824032679498, 0.87755617265357, 0.8785660185316722]}