{"val_loss": [0.5272108226909233, 0.43446055644392545, 0.42591597566335027, 0.4092840436490601, 0.38699545877139896, 0.3893120738516427, 0.37731572480168024, 0.3785514894728105, 0.4044587953351833, 0.36775436165476016, 0.37245160899398183, 0.3666247368490738, 0.3640014846206975, 0.3545988559091049, 0.3526335987311791, 0.37197988019604566, 0.3503767975438189, 0.45471220660967876, 0.36363347111658156, 0.3740609206074961, 0.415721731135365, 0.3443302633800271, 0.3385747797497591, 0.3443631128582432, 0.35242664024181164, 0.3363681464018333, 0.3590132275023646, 0.370969847002636, 0.3313546151238701, 0.34299631037686823], "val_binary_accuracy": [0.7499999997893829, 0.8149293286219081, 0.8091872789413264, 0.8184628975265018, 0.8343639575971732, 0.8409893990826691, 0.8401060070671378, 0.8365724383731613, 0.829505300563974, 0.8418727913088175, 0.8414310954063604, 0.8454063602134112, 0.8392226146303723, 0.8480565368918563, 0.8467314487632509, 0.8423144876325088, 0.8533568906699811, 0.8025618376664475, 0.8427561839562001, 0.8352473500339387, 0.8250883390119977, 0.8542402828961295, 0.8639575971731449, 0.8568904595745748, 0.8431978798586572, 0.8621908129314652, 0.8502650178784616, 0.8414310956169776, 0.8635159012706878, 0.8560070669271921], "loss": [0.6353541907413052, 0.5312873923215743, 0.48960699763631493, 0.47791888281360656, 0.4575748565641806, 0.4539309539779272, 0.4420305924775534, 0.4488280485658085, 0.4407089515576246, 0.4302528692116433, 0.4245572595607148, 0.4239199748396783, 0.41967974738983216, 0.4133375026802919, 0.4118360061366821, 0.40973713483150725, 0.4086546359926545, 0.3972129403521575, 0.39662140097710796, 0.39294561055295846, 0.3874879155954126, 0.3897174017142238, 0.3834497489973741, 0.381576079170802, 0.3846538789989791, 0.3825589512987168, 0.37173328568796354, 0.3720857971351395, 0.371653806904415, 0.36548423320167867], "binary_accuracy": [0.6452915929718711, 0.7455188084268655, 0.7741731884232136, 0.7833880331443435, 0.7895733400054484, 0.7943701084832054, 0.8000504921193498, 0.7944963392631118, 0.8049734913619653, 0.8085079524920944, 0.8090128757170553, 0.8090128757170553, 0.8119161829627003, 0.8207523353742067, 0.8188588740969511, 0.8178490279780828, 0.8220146426014514, 0.8274425648433095, 0.8276950263429308, 0.8271901033436881, 0.8332491793345995, 0.832744256440692, 0.8327442564707879, 0.83375410234889, 0.8342590255738509, 0.833880333068605, 0.8461247158152863, 0.8415804088371506, 0.838172178577215, 0.8418328703066762]}