{"val_loss": [0.6252264112971275, 0.5381890823900067, 0.4948362668074483, 0.4666015494206769, 0.4543045837129384, 0.4411809460223774, 0.42306327272219707, 0.41099334426566486, 0.4193488435273457, 0.40201293337471494, 0.40307601085821226, 0.41221622580353023, 0.3978736700733643, 0.3960027810541564, 0.4143379319051129, 0.4053855436218922, 0.3901585515312087, 0.4458073404989478, 0.3947073185401755, 0.39424510726659123, 0.3850550275598735, 0.40373928755416466, 0.38642745936296014, 0.3840714982667997, 0.3976032009394346, 0.3808538007020108, 0.40013678987961354, 0.40542636869652954, 0.4140921489931248, 0.46095321572290293, 0.37796366667579, 0.384364199248725, 0.37405981676317357, 0.3980306726041194, 0.3903455361460628, 0.37182468776146854, 0.3722884298002762, 0.38838358428789954, 0.39670011001003924, 0.37347180620099124, 0.3790221633422501], "val_acc": [0.7645759719420658, 0.7990282685512368, 0.8091872789413264, 0.8144876322982169, 0.7985865724381626, 0.8091872791519434, 0.8131625441696113, 0.8171378093978963, 0.8074204949102638, 0.8228798586572438, 0.8193462899632673, 0.818904593639576, 0.8286219079165914, 0.8242049472070836, 0.8052120143448928, 0.81272084784592, 0.8281802118035172, 0.7937279154049635, 0.8233215549809352, 0.8295053003533569, 0.8356890457257786, 0.8162544167505136, 0.8334805655816419, 0.8352473496127044, 0.8259717314487632, 0.8387809185172981, 0.8224381623335525, 0.8189045934289588, 0.8171378093978963, 0.7875441698219245, 0.8396643109540636, 0.8343639575971732, 0.8378975265017667, 0.8268551234642946, 0.8325971731448764, 0.8378975262911497, 0.8405477029695949, 0.8348056534996302, 0.8299469966770482, 0.8418727917300517, 0.8396643111646808], "loss": [0.6707694244276421, 0.6167208821567072, 0.5816629872692862, 0.5557676890046269, 0.5263209379071451, 0.5165864470871191, 0.4936940008207753, 0.4886066396559648, 0.48420671399751414, 0.46777000468778235, 0.47139743547552737, 0.4589482905647424, 0.4623107059198749, 0.4661138976532171, 0.4567288390857588, 0.4586727098966, 0.45359819909292953, 0.4513803259256782, 0.4555812767135227, 0.4529273688146124, 0.44403223174595224, 0.45023368844116796, 0.44357512361983464, 0.44397198121615716, 0.440208789285642, 0.43601161018822776, 0.44069573701526504, 0.44088970034810454, 0.4419811913474164, 0.44189402008863204, 0.43662477415398315, 0.4411409628177586, 0.4344617718399489, 0.4401104663002825, 0.4282101908135793, 0.4316466077503849, 0.4367166913855831, 0.4299759844041057, 0.43010236178043965, 0.42923879876217436, 0.4204528852413171], "acc": [0.5872254481643054, 0.6831608180204024, 0.7106791214038856, 0.729361272421006, 0.7551123453673315, 0.7548598838225665, 0.7684928048021171, 0.7739207271041668, 0.7774551880386736, 0.7842716485886404, 0.7831355718553924, 0.7869224942895205, 0.7865438021002801, 0.7838929563693042, 0.7948750315727353, 0.7859126482910352, 0.7934864932646266, 0.7938651855291065, 0.7918454935923275, 0.793360262514816, 0.798030800272858, 0.7936127239993894, 0.7960111082758876, 0.7961373390256983, 0.8010603382532658, 0.8006816460640254, 0.7996718000053487, 0.8013127997528872, 0.8018177228123213, 0.796768492834943, 0.8003029538296413, 0.8045947993081557, 0.7987881847566741, 0.802070184266799, 0.8081292603479976, 0.8019439535922277, 0.8038374147491002, 0.8042161070587237, 0.8068669527445559, 0.8066144912599825, 0.8136834132493791]}