{"val_loss": [0.5294110423263307, 0.4657183824495376, 0.39666349790964023, 0.3885193025897333, 0.4454250293569936, 0.41975252904234844, 0.4162229647063535, 0.40450018012481526, 0.43827059391109346, 0.49872556981686567, 0.45985949018397515, 0.3786527071108666, 0.40795744297361203, 0.3767538237066235, 0.36076515333812564, 0.3753107569242956, 0.45810961618019075, 0.44543448195861846, 0.3410534392186694, 0.3872958504900915, 0.35984515859465716, 0.35539305125866677, 0.3275369444710627, 0.332746737416136, 0.3173787599106981, 0.345391719796211, 0.31345470581374824, 0.3279044138458508, 0.3101323454413734, 0.300574777614944, 0.297907025464432, 0.29726572766531484], "val_acc": [0.7526501766784452, 0.7950530033229518, 0.829946996255814, 0.8312720845950365, 0.8047703180212014, 0.8153710245243652, 0.8219964666417126, 0.8206713783024899, 0.8153710249455994, 0.7932862190812721, 0.8127208482671542, 0.8317137809187279, 0.8237632506727751, 0.8370141342756183, 0.8445229681978799, 0.8339222616947161, 0.8038869255844359, 0.8087455832494864, 0.851148409893993, 0.8330388692579506, 0.8480565368918563, 0.8542402828961295, 0.8542402828961295, 0.8560070673484264, 0.8604240280579342, 0.8471731446657079, 0.8679328621908127, 0.8710247351929493, 0.8657243814148246, 0.8780918725809023, 0.8754416963236913, 0.8688162546275783], "loss": [0.6213466113969792, 0.5012168347293817, 0.46850555333125715, 0.45299025941936394, 0.6056195133203691, 0.5018416508238474, 0.4787742130099087, 0.4630727097185174, 0.4461958797004782, 0.4447343983574366, 0.431072918807759, 0.4224512661024044, 0.4101868793537628, 0.41375924330472763, 0.40088869128315113, 0.4034629514710345, 0.39210770357982344, 0.3935968193238024, 0.3904438750501896, 0.38917838012561207, 0.38759501319405887, 0.3751879895509899, 0.37348695794189557, 0.36910805325862045, 0.36364627412640965, 0.36413892939953874, 0.3589994927016631, 0.3543636959870937, 0.3576233393050179, 0.35176173047386194, 0.34740858631313404, 0.3444354962261299], "acc": [0.6457965160764488, 0.762812421150925, 0.7862913406157066, 0.7933602626051033, 0.674324665488513, 0.7672304973190585, 0.7755617268667532, 0.7889421863316346, 0.8000504923149722, 0.8014390305177457, 0.8078767988032327, 0.8141883362636696, 0.8218884119870716, 0.8181014894777041, 0.8239081039840421, 0.82542287298177, 0.8283261802876065, 0.8308507952687717, 0.8289573339614204, 0.8355213329515744, 0.8333754102047932, 0.8391820247562748, 0.8415804089274379, 0.8409492552084804, 0.8422115627517305, 0.8420853319266804, 0.8458722544510958, 0.8489017924916952, 0.8468821004194853, 0.8499116385052283, 0.8563494067305237, 0.8530674072655425]}