{"val_loss": [0.307145925376946, 0.3281031982848164, 0.2990725682818005, 0.3014982841356062, 0.33126047911787204, 0.3406376762861919, 0.28671945139186544, 0.3181242622145494, 0.2888392648090322, 0.28286323814847025], "val_binary_accuracy": [0.8741166079844687, 0.8661660775278988, 0.8758833922261484, 0.871024734771715, 0.8586572436056373, 0.8626325088339223, 0.8807420494699647, 0.866607773640973, 0.8794169613413592, 0.8820671375985701], "loss": [0.3509795587868198, 0.34456098439325683, 0.34727570975829003, 0.3483356894100895, 0.3414756475795673, 0.33226006614818804, 0.3380252884527373, 0.3388887979080809, 0.3350912087555336, 0.3363658340327579], "binary_accuracy": [0.8529411764254446, 0.8562231758151865, 0.8534460995601181, 0.8518050997975317, 0.8560969450653758, 0.8587477909317826, 0.8559707144209003, 0.8542034837881203, 0.8582428679325399, 0.855339560551464]}