{"val_loss": [0.6911370248760856, 0.6889326759867449], "val_binary_accuracy": [0.5, 0.5], "loss": [0.6930042967384615, 0.6914377983728162], "binary_accuracy": [0.5049229992727112, 0.5180509972379714]}