{"val_loss": [0.4703162497850694, 0.4372213159559472, 0.4169862847446132, 0.41205302228354734, 0.4350377679292389, 0.4056131918733617, 0.3889578322850352, 0.36470010602853326, 0.36473815701243734, 0.36068016174825257, 0.37623282708885813, 0.35354350717876487, 0.37164934411276357, 0.34397339536528704, 0.34739599105747343, 0.3655917851958595, 0.35489620010338907, 0.3446639337093165, 0.37873899210046963, 0.38520167699550995, 0.3780011221397892, 0.3348614755662507, 0.3635278346260529, 0.32790344721858156, 0.31825620894297274, 0.3462629800023965, 0.3406614157841821, 0.3122597844356362, 0.34701836209204506, 0.34519954536491904], "val_binary_accuracy": [0.814487632719451, 0.8065371024734982, 0.8189045934289588, 0.8158127210586736, 0.81272084784592, 0.8259717314487632, 0.8334805651604076, 0.842756183534966, 0.8462897526501767, 0.8414310954063604, 0.8440812722954227, 0.848939929539239, 0.8529151941356726, 0.8529151945569069, 0.8462897526501767, 0.8440812718741886, 0.8498233217653874, 0.8590989399293286, 0.8440812718741886, 0.8454063602134112, 0.827738515690443, 0.8635159008494535, 0.8462897524395595, 0.8621908127208481, 0.8643992932862191, 0.8586572440268715, 0.8586572438162544, 0.8696996466431095, 0.8555653708141179, 0.8564487634615006], "loss": [0.6249517744552364, 0.5098787937101708, 0.4768984174674221, 0.46018849297082653, 0.452310821905307, 0.4388093895395727, 0.4296103904747475, 0.42301665306678177, 0.42781436637446485, 0.41777371425756266, 0.40499560584988264, 0.4027716600512712, 0.39543174346027216, 0.3908675758864536, 0.3910553006023146, 0.3875131468765665, 0.3814590252339614, 0.3770627845976877, 0.37646883730634356, 0.3741805278662027, 0.36971210921782793, 0.36844709398950537, 0.3618823512730289, 0.3664275776087952, 0.35791234684484047, 0.351475773985354, 0.3510306619147224, 0.358040815883741, 0.3507772260762862, 0.3456377539481818], "binary_accuracy": [0.6396112093056311, 0.7605402676392854, 0.7819994950318572, 0.7904569553143146, 0.7893208785058272, 0.8015652612525085, 0.8098964908152511, 0.8111587982832618, 0.8091391063163871, 0.8146932593080559, 0.8250441807473858, 0.8283261802123671, 0.8271901035242627, 0.826558949715018, 0.8308507952838196, 0.831608179707444, 0.8375410250237842, 0.8393082555060855, 0.8369098712747309, 0.8379197172732161, 0.8427164857509731, 0.8396869476953259, 0.8432214086900243, 0.8404443322543814, 0.8436001009996478, 0.8492804846809356, 0.8494067155059857, 0.8465034081851013, 0.8521837919867722, 0.8520575612520094]}