{"val_loss": [0.5197063319042798, 0.3988831616121973, 0.38147423250515133, 0.39806914940318455, 0.35911164224779646, 0.35062729417224653, 0.3374309526104809, 0.3320813751894678, 0.40751406065988033, 0.3340500436275671, 0.31327287636881584, 0.300072173768977, 0.29861795933844765, 0.29315778044424295, 0.31465648446403205, 0.29087819227481476, 0.27673038234769665, 0.30025817180058983, 0.3204799174419983, 0.2718106396101389, 0.29416369107081275, 0.3051948640034814, 0.2554561799069597, 0.3153960161411299, 0.2551155843814776, 0.29162251106841824, 0.2821791274176891, 0.2500917783053098, 0.25293822360123003, 0.253546861582847], "val_binary_accuracy": [0.7495583036763087, 0.8303886925795053, 0.8471731450869422, 0.8308303884819623, 0.8555653708141179, 0.8621908125102309, 0.8621908127208481, 0.861749116818391, 0.8272968197879859, 0.863957597383762, 0.8674911660777385, 0.8767667846629139, 0.8780918725809023, 0.8772084803547539, 0.8705830386586408, 0.875, 0.8825088337116443, 0.8719081274190977, 0.8674911658671214, 0.89001766805514, 0.8750000002106171, 0.8780918725809023, 0.8992932860084641, 0.8652826855123675, 0.8957597171038705, 0.877208480565371, 0.8811837453724217, 0.8975265019774016, 0.8975265017667845, 0.8997349825427726], "loss": [0.6577040368305015, 0.4933302708419698, 0.4465543810043995, 0.42042115530080487, 0.4020815112018368, 0.38826129174509366, 0.37296423701979964, 0.3667746125387742, 0.35021694929603975, 0.34684785955995356, 0.34605515699168704, 0.33500593020003483, 0.32985320798648304, 0.3252724912003476, 0.320996818368527, 0.3156055186213763, 0.31800175871821373, 0.30639721713894336, 0.30207658293300793, 0.3022195484241853, 0.30033457802119085, 0.2924579833379089, 0.2935951497858144, 0.29244121424599867, 0.28255736547207416, 0.28732811604837855, 0.27660117228956305, 0.2800134581858628, 0.2757275756697738, 0.27458943692580284], "binary_accuracy": [0.5940419084283626, 0.7719010351824357, 0.7967684927747515, 0.8127997978652737, 0.8247917192176688, 0.8347639483624232, 0.8459984852009065, 0.8452411008073777, 0.8500378690443686, 0.8534460993193521, 0.8544559454382203, 0.8615248673222818, 0.8610199445638053, 0.8668265589046166, 0.8685937894170136, 0.869856097050551, 0.8685937893116784, 0.8774299417683284, 0.8738954808940131, 0.876041403791273, 0.8776824034033807, 0.8828578642810484, 0.8805857105286427, 0.8814693257472215, 0.8863923250199327, 0.8826054025105652, 0.8894218630153884, 0.8834890178946707, 0.8877808632678499, 0.8898005553852034]}