{"val_loss": [0.6252264112971275, 0.5381890823900067, 0.4948362668074483, 0.4666015494206769, 0.4543045837129384, 0.4411809460223774, 0.42306327272219707, 0.41099334426566486], "val_acc": [0.7645759719420658, 0.7990282685512368, 0.8091872789413264, 0.8144876322982169, 0.7985865724381626, 0.8091872791519434, 0.8131625441696113, 0.8171378093978963], "loss": [0.6707694244276421, 0.6167208821567072, 0.5816629872692862, 0.5557676890046269, 0.5263209379071451, 0.5165864470871191, 0.4936940008207753, 0.4886066396559648], "acc": [0.5872254481643054, 0.6831608180204024, 0.7106791214038856, 0.729361272421006, 0.7551123453673315, 0.7548598838225665, 0.7684928048021171, 0.7739207271041668]}