{"val_loss": [0.3911324070746823, 0.4186774740791995, 0.35793504708647306, 0.34181041968163667, 0.32902460479483586, 0.34639247135644247, 0.32814933954616315, 0.31407180112579264, 0.3208419717453394, 0.3263072604741309, 0.28944255132557223, 0.29906134523267036, 0.2926624949113219, 0.2839710144293182, 0.28463778163013526, 0.29099870054544913, 0.32035644104960953, 0.26974399003460214, 0.26447896775213653, 0.2667761867332796, 0.3189277820052191, 0.27330113673589257, 0.26883633276809654, 0.28275077418809225, 0.2690090357717587, 0.2653658256829838, 0.26254682985295674, 0.2585626081843258, 0.29667864797814575, 0.29694744428560504], "val_binary_accuracy": [0.8206713780918727, 0.8043286216975101, 0.848939929328622, 0.857773851590106, 0.8617491163971567, 0.8586572440268715, 0.866607773640973, 0.8710247349823321, 0.8683745580932698, 0.8657243814148246, 0.8864840987293122, 0.8696996466431095, 0.8820671375985701, 0.8856007067137809, 0.8873674913766949, 0.8895759719420658, 0.8639575971731449, 0.8935512367491166, 0.8988515903166242, 0.9001766784452296, 0.8869257948423864, 0.8869257948423864, 0.8997349823321554, 0.8997349821215384, 0.8970848056537103, 0.9001766786558468, 0.8975265019774016, 0.900618374768921, 0.8953180212014135, 0.898851590106007], "loss": [0.5329483526128015, 0.38019297945547575, 0.357253614180138, 0.34323378727009307, 0.333942750079016, 0.3169979065303037, 0.3086591934321114, 0.29849691594589, 0.2918475488239814, 0.2875520691098784, 0.27698178224432984, 0.2669034893653875, 0.2665476616104273, 0.25716697695700097, 0.24696714296180833, 0.25576503355525354, 0.23523988603898535, 0.23039332891437508, 0.2263278089683786, 0.21526508707044342, 0.21060848281603817, 0.20719498459120889, 0.19695329982895526, 0.19223488740128297, 0.18070393164962628, 0.18671356233735484, 0.17074706102374587, 0.1778446576889342, 0.1596371919834623, 0.15785014747489856], "binary_accuracy": [0.7312547337133094, 0.8350164100877626, 0.8496591768099846, 0.855718252921279, 0.861146175298568, 0.8669527896845229, 0.8736430192890567, 0.8770512495339443, 0.8836152487648644, 0.8846250946580145, 0.8911890936481685, 0.8942186314931454, 0.8947235545074359, 0.8981317848727066, 0.903812168614186, 0.9011613229885452, 0.9093663216209026, 0.9113860136028252, 0.9135319362292234, 0.9170663973593526, 0.9178237819785995, 0.920600858339003, 0.9231254734706469, 0.9257763189608568, 0.9327190104713045, 0.9298157030902285, 0.9366321635800039, 0.9312042414585288, 0.9402928554599438, 0.9413027011875672]}