{"val_loss": [0.46524667529251046, 0.39519779241969644, 0.3933779024403845, 0.4239436165814686, 0.4183011256132025, 0.36746810803143803, 0.36321799757202605, 0.4413928346372746, 0.3789113505674335, 0.36379249283365983, 0.3572696346276219, 0.4032190653755471, 0.36606153614108217, 0.353183949056868, 0.3324903465623148, 0.35639923047471805, 0.3307924697656092, 0.329021243134994, 0.33159412817483236, 0.3206562768970698, 0.32224538532668207, 0.3445157081204674, 0.3072605589042704, 0.3084933163841706, 0.32307351393750194, 0.32815188206337365, 0.3840692304469671, 0.3189980706772619, 0.3170780757501353, 0.2914360768487512, 0.2868968258898166, 0.2847725188247728, 0.29615550059101187, 0.283274548319119, 0.3213386397690318, 0.2822874836070799, 0.27980903522917744, 0.2739778935856617, 0.28068735921762017, 0.34589035666873513, 0.3132487111083189, 0.31452460302691576, 0.27625447817067794, 0.2751997262765999, 0.27119305635088325, 0.27116489054984, 0.3331252073230676, 0.27429968266099586, 0.2589392171310452, 0.26535717790202623], "val_acc": [0.7831272084805654, 0.8374558303886925, 0.8290636040296656, 0.8158127206374394, 0.8242049472070836, 0.840106007277755, 0.8409893995039034, 0.8109540638148574, 0.844964664100337, 0.8458480565371025, 0.8423144874218917, 0.8299469966770482, 0.8476148409893993, 0.8551236749116607, 0.8568904593639576, 0.8520318021201413, 0.8648409893992933, 0.8613074207053167, 0.8608657245922425, 0.8648409896099104, 0.8630742051576136, 0.8564487632508834, 0.8736749114501603, 0.8732332153370861, 0.8696996468537267, 0.8688162544169611, 0.8414310954063604, 0.8608657243816255, 0.875, 0.8825088337116443, 0.881183745793656, 0.883392226359027, 0.8856007069243981, 0.8842756181639412, 0.8674911662883557, 0.8851590106007067, 0.8842756185851754, 0.8882508833922261, 0.8842756181639412, 0.8577738518007231, 0.8719081274190977, 0.863957597383762, 0.883392226359027, 0.8891342756183745, 0.8913427561837456, 0.8891342756183745, 0.8683745583038869, 0.8891342758289916, 0.8970848058643274, 0.8966431095406361], "loss": [0.5963087234344184, 0.49616459815588243, 0.4572753428479873, 0.45639340393292244, 0.43644091685562836, 0.43158763079774465, 0.42238432700150663, 0.4167947390108992, 0.41894968118489434, 0.4044462378971265, 0.40635490795558404, 0.40075553169276973, 0.39243486139154954, 0.3831248568994955, 0.38423950113572425, 0.38381033968787037, 0.3839805936819374, 0.38039681978281087, 0.37144642409968937, 0.3668525045913026, 0.36472858273751263, 0.36177723522410193, 0.3601400332073466, 0.36137897995829854, 0.3511037641148229, 0.3556583753531402, 0.3478387137613974, 0.350590964537081, 0.3464285940481117, 0.33925428269517993, 0.34353396596706326, 0.3364700836022976, 0.33793263593667444, 0.33661754176912206, 0.330647840527867, 0.3318578408007308, 0.3327931375838807, 0.3289610518406389, 0.324171890697224, 0.32001229091760214, 0.32506652556715276, 0.31640233814611, 0.3147439789031678, 0.314235408907736, 0.30672413799173454, 0.31013066432777603, 0.3093009436786611, 0.30612519409764266, 0.3024537580629034, 0.29966307688590044], "acc": [0.6773542035441602, 0.7721534966068176, 0.7926028780309999, 0.7879323402880057, 0.8047210300579664, 0.8092653369909584, 0.8140621054837632, 0.8167129512448348, 0.8172178742290296, 0.8260540267157753, 0.8184801817120883, 0.824539257778239, 0.828704872461799, 0.8353951022168116, 0.8351426407773818, 0.8348901792627126, 0.8332491795001262, 0.834006564014038, 0.8394344861806567, 0.8399394092551388, 0.8451148699973756, 0.8447361776877521, 0.8437263317344105, 0.843473870264885, 0.8502903307095167, 0.851173945988287, 0.8520575612219137, 0.8506690229288528, 0.8566018681850014, 0.85937894465074, 0.8530674071903032, 0.8591264831511187, 0.856096945155663, 0.856980560479577, 0.8591264832414061, 0.8574854834637717, 0.8578641757282516, 0.8615248674727606, 0.8635445594697311, 0.8646806362180269, 0.8584953294020655, 0.8626609442210564, 0.8659429436408941, 0.8696036353854031, 0.8718757889572342, 0.872254481221714, 0.870361019884267, 0.8756627113763145, 0.8737692501442025, 0.875536480716791]}