{"val_loss": [0.5078270374254288, 0.4759088359746832, 0.39836769116640935, 0.40627413672187723, 0.38547405168782695, 0.39712998218334183, 0.43140292715268086, 0.39496135722200776, 0.4182817026604191, 0.42031506420024295, 0.39190289741480727, 0.36575617975565233, 0.3858309671967274, 0.35490106988711406, 0.38823540987901045, 0.35297380866936995, 0.36089541181237456, 0.3506574743417464, 0.38192640165979364, 0.39579783258926743, 0.3949930812149924, 0.34256496383107593, 0.33683277240069087, 0.40311915387955655, 0.4096030553954229, 0.36310058231909786, 0.33936538681545864, 0.36217183980419443, 0.39182949487396346, 0.33813830051742255], "val_binary_accuracy": [0.8025618374558304, 0.7804770315915031, 0.8162544167505136, 0.8224381625441696, 0.8312720848056537, 0.8277385159010601, 0.8105123674911661, 0.8299469964664311, 0.8202296819787986, 0.8189045934289588, 0.8325971729342592, 0.8405477029695949, 0.8317137809187279, 0.8480565373130906, 0.8312720850162708, 0.8480565371024735, 0.8542402828961295, 0.851148409893993, 0.8374558301780755, 0.8330388694685676, 0.8268551238855287, 0.8489399291180048, 0.8560070671378092, 0.8330388694685676, 0.8281802120141343, 0.8449646643109541, 0.8546819787985865, 0.8520318021201413, 0.8352473500339387, 0.8564487632508834], "loss": [0.6372292694104076, 0.5555052240669531, 0.501235144678856, 0.4808920887617474, 0.457674681320241, 0.45206038162161144, 0.4434366728795414, 0.44486959753720273, 0.4384257931942231, 0.42822158804628413, 0.42415157847559776, 0.42180184106939944, 0.41638165190195203, 0.414896148032415, 0.41660407083228934, 0.4119425971033717, 0.4026525832281905, 0.40602380677594946, 0.39520156276674473, 0.39224058553685565, 0.3933337258136925, 0.39216276957392243, 0.38547210991608316, 0.3916668118671527, 0.3901552416645677, 0.3746301391394985, 0.37992616453365796, 0.37606919255710497, 0.3796002926458707, 0.3693787420497221], "binary_accuracy": [0.6302701339701214, 0.729235041595956, 0.761676344417677, 0.7713961120327143, 0.7931078008948116, 0.7961373389655068, 0.8020701842367032, 0.8003029537243062, 0.7996718001257317, 0.8068669528799869, 0.8126735673712769, 0.8148194901030101, 0.8199949507098161, 0.8165867206154072, 0.8150719513618654, 0.8162080282455922, 0.823276950340324, 0.8218884121074547, 0.8275687958188384, 0.8279474879478873, 0.8259277959659647, 0.8318606413274484, 0.831608179722492, 0.8313557182078228, 0.8329967180606964, 0.8386771015764577, 0.8333754100994581, 0.8386771016065534, 0.8380459480832183, 0.8437263318246978]}