{"val_loss": [0.27654403405981437, 0.3080695343101825, 0.2844817719484808, 0.2738639062053323, 0.2790979798290839, 0.29834870051579426, 0.3295259859031165, 0.27927292104112805, 0.27426323726404683, 0.33012321486068696], "val_binary_accuracy": [0.8895759719420658, 0.8710247349823321, 0.8825088337116443, 0.8869257952636207, 0.8891342758289916, 0.8745583038869258, 0.8613074207053167, 0.883833922261484, 0.8886925792946833, 0.8679328624014299], "loss": [0.33075300755900466, 0.327878374902626, 0.3327785085710845, 0.32449561121246484, 0.32343913004934655, 0.31895232005000146, 0.3237002700138381, 0.327757880486674, 0.32008368397595693, 0.3162754434989697], "binary_accuracy": [0.8597576368098848, 0.8626609440555298, 0.8602625598091274, 0.8660691743004174, 0.864428174793645, 0.8675839434034804, 0.8629134056604862, 0.8631658670547724, 0.8665740974049952, 0.8646806362782185]}