{"val_loss": [0.4482279103973308, 0.4319765188668726, 0.3657685537220311, 0.3587760000683815, 0.3490907628839513, 0.3395438699229446, 0.450017742154455, 0.324042103526449, 0.31956325076494113, 0.31353889432054527, 0.31989214898419466, 0.3260846968885024, 0.30408053895188725, 0.3238933047431097, 0.2921979065076201, 0.30152568789758444, 0.3014028579417893, 0.2865408842218217, 0.27667217857003634, 0.29362171561894906, 0.291162420182683, 0.2729550898075104, 0.2788388969198975, 0.2722498853509923, 0.3300703620742151, 0.25256665166822845, 0.25552102902331536, 0.2622450750202678, 0.28129233414629745, 0.24568198810828448], "val_binary_accuracy": [0.7813604242388856, 0.816696113074205, 0.848939929539239, 0.8564487632508834, 0.8590989401399457, 0.8608657245922425, 0.8025618376664475, 0.8639575969625277, 0.8652826855123675, 0.8679328624014299, 0.8630742049469965, 0.8621908127208481, 0.8732332157583202, 0.8741166079844687, 0.881183745793656, 0.8754416961130742, 0.8794169609201249, 0.8842756181639412, 0.8895759717314488, 0.8816254416961131, 0.8909010600706714, 0.8904593641682143, 0.8873674911660777, 0.8873674909554606, 0.8617491163971567, 0.8997349825427726, 0.8975265019774016, 0.8935512365384994, 0.8820671378091873, 0.9059187279151943], "loss": [0.6525709634777032, 0.4691720088829569, 0.414733978367851, 0.3966393629519273, 0.37442890244492133, 0.3688034933794932, 0.3543763022716525, 0.35667556865863564, 0.3445533466095336, 0.3378610524511855, 0.33672854612042763, 0.3329068221353094, 0.324617044044185, 0.3243903687387908, 0.31869493006937616, 0.3104855146290106, 0.313710299488632, 0.30548740958014814, 0.30783273914311154, 0.3053724278376819, 0.30112136067148715, 0.2987527972751722, 0.2972995021207198, 0.2887144461782013, 0.2942764335089758, 0.28773300414794445, 0.2823323659548041, 0.2879766484337363, 0.28132786127961784, 0.2805394221212911], "binary_accuracy": [0.5922746781717795, 0.7831355716447221, 0.8187326433621883, 0.8304721028387652, 0.8410754859432431, 0.8470083311993918, 0.8533198685394456, 0.8519313305623902, 0.8587477910371177, 0.8646806362932663, 0.8569805603140503, 0.865942943776325, 0.8660691742853696, 0.864428174537831, 0.8703610197939797, 0.8731380962747662, 0.8720020197973322, 0.8732643272954387, 0.8745266347484015, 0.8749053268924983, 0.8766725575252784, 0.8773037113044274, 0.8789447110218702, 0.8838677100086718, 0.8802070182792107, 0.8848775560222049, 0.8871497097746106, 0.881721787592944, 0.8838677101441027, 0.8890431707509086]}