{"val_loss": [0.5004789106837431, 0.4650273834858682, 0.41214700511824537, 0.4155417919790787, 0.38577311578150775, 0.42460262817544564, 0.3762019662048286, 0.3664176565177028, 0.42077755633175584, 0.3758172835141104, 0.36092153612800704, 0.41527460910406216, 0.37289734253192536, 0.402559060090001, 0.34781742317095243, 0.365899638973782, 0.3505776308661215, 0.37802272034618123, 0.35021696200219143, 0.3877251634749423, 0.32375170285204696, 0.32732480437932504, 0.3387170245495786, 0.33215633461205785, 0.3477811168866107, 0.32761360857596245, 0.3772736464498742, 0.4034458631550887, 0.34559215963308043, 0.3775532017116412], "val_binary_accuracy": [0.7901943460791355, 0.7915194346289752, 0.8175795050897362, 0.8242049469964664, 0.8348056537102474, 0.8162544167505136, 0.8418727915194346, 0.8431978796480402, 0.822879858867861, 0.8427561839562001, 0.8445229679872628, 0.8219964662204783, 0.8471731448763251, 0.8317137807081108, 0.8551236749116607, 0.8476148412000164, 0.8471731448763251, 0.8467314485526337, 0.8595406362530199, 0.8392226148409894, 0.8613074204946997, 0.8648409891886761, 0.8568904593639576, 0.8648409896099104, 0.8590989401399457, 0.8595406360424028, 0.8445229681978799, 0.8237632510940094, 0.8590989401399457, 0.8440812718741886], "loss": [0.6381459111097153, 0.5128059067439623, 0.4804458712890455, 0.465008519704641, 0.4593477237633881, 0.45782111690099175, 0.4474126380505931, 0.43374288915775244, 0.4278756254732353, 0.4393807485063881, 0.4238154370957509, 0.41810694688259126, 0.41915329903311516, 0.4167892343015028, 0.41852545043760647, 0.41129676794891434, 0.39920075188469206, 0.40433562105877535, 0.3949075510061862, 0.3872153988708543, 0.3841807730223187, 0.387161685673464, 0.37871508301433005, 0.383747226043471, 0.38519575697579367, 0.3823147138330979, 0.37345033313733883, 0.37383392661606774, 0.37021057809190716, 0.37474522057039455], "binary_accuracy": [0.63115374897803, 0.7595304216708959, 0.7782125726428727, 0.786796263389231, 0.794117646998632, 0.7893208785058272, 0.8034587226350992, 0.806488260374741, 0.8081292602276146, 0.8057308760113079, 0.8133047211203301, 0.8188588738411372, 0.8143145671188154, 0.8174703356082679, 0.8174703358640818, 0.8162080282154964, 0.8236556426198517, 0.823024488795559, 0.8340065639538465, 0.8321131028421176, 0.8324917949711665, 0.8357737944662436, 0.8391820247111312, 0.828704872341416, 0.8314819491833516, 0.8304721028387652, 0.8404443321941899, 0.8395607169605631, 0.8393082555813249, 0.8346377177028997]}