{"val_loss": [0.318658413924935], "val_binary_accuracy": [0.8692579505300353], "loss": [0.3664316973491198], "binary_accuracy": [0.8418328705925858]}