{"val_loss": [0.4220779575407505, 0.41957869713040563, 0.42056337122222504, 0.38682714051051104, 0.36984978857443485, 0.3692473648585004, 0.37964723036765197, 0.3886820605600909, 0.3646887406814013, 0.38010512809637637, 0.3747918128216867, 0.35398288880535167, 0.3948021646883848, 0.36493000906738016, 0.364993469079407, 0.3486721068084669, 0.4229711718964491, 0.43660481166925363, 0.39779790131737003, 0.450099715467194, 0.5482629501669527, 0.444903173229302, 0.5252192513916721, 0.5310937526146714, 0.561962759269656, 0.6190313945035283, 0.5792028819807142, 0.5943630454431978, 0.6861757439721992, 0.6730682567036678, 0.4439457199935402, 0.4221833922344146, 0.3931466889895981, 0.44783628126271335, 0.3769899848446572, 0.4253446389284494, 0.3936268976159233, 0.35884808046783473, 0.3601385011947412, 0.3541201018065, 0.3679122582694395, 0.3363026314073329, 0.353544166325022, 0.3506913631350445, 0.35538318538837294, 0.33567300647925985, 0.36563927185781997, 0.3665783749960309, 0.35621428012633494, 0.38515619402952334, 0.48349765609119005, 0.3879541660786318, 0.37537861409054385, 0.40684095169786066, 0.43738421978656766, 0.4663806796717129, 0.48083924901464004, 0.48859738258363533, 0.5067177048663227, 0.6793330856364408], "val_acc": [0.8142857093896184, 0.817745798140121, 0.817745801356199, 0.8297362085297811, 0.8483213377084663, 0.8363309316069102, 0.8387290129987456, 0.8381294899707218, 0.848920862666137, 0.8465227782726288, 0.8465227739845248, 0.8597122269997494, 0.8255395634140043, 0.8663069479328265, 0.8603117435956172, 0.8752997504721443, 0.8603117435956172, 0.8573141421774308, 0.8633093437273726, 0.8585131828733485, 0.825539568559729, 0.8729016722963868, 0.8597122280717754, 0.8489208564483862, 0.852517978321734, 0.8525179828242432, 0.8764987935265192, 0.8585131830877537, 0.8717026296708223, 0.8603117423091861, 0.8077380870069776, 0.8189448399080647, 0.8201438818904135, 0.8051558670808943, 0.8243405257197592, 0.8291366852873521, 0.825539565343651, 0.8465227705540417, 0.8489208543043343, 0.856714621293459, 0.8591127050437516, 0.8603117425235913, 0.8615107808610518, 0.8585131809437018, 0.8555155816695673, 0.8597122235692662, 0.8651079072369089, 0.8567146247239421, 0.8711031120029284, 0.8579136619893767, 0.8531174992057059, 0.8609112644795891, 0.8723021505547942, 0.8723021516268202, 0.8651079083089348, 0.8591127028996995, 0.8573141378893269, 0.8609112631931579, 0.8537170213761089, 0.8471222967981434], "loss": [0.4472697757636056, 0.3667898050802526, 0.3393692164835263, 0.3216385407967128, 0.303679980214891, 0.2912963913773454, 0.2760760832568031, 0.258732020324384, 0.24588227573380034, 0.23570416981681946, 0.2221624332933757, 0.2035959038930179, 0.19431258609222915, 0.18079120421983222, 0.17022661230060968, 0.15682612210691535, 0.15080978031684356, 0.13617531681958223, 0.1222765681615172, 0.11690975130271677, 0.10595094749148892, 0.09548168956338453, 0.08271331699038499, 0.07748201320625679, 0.06522698847171499, 0.05887706061647317, 0.05077995440367566, 0.0490538804802105, 0.04004939515294684, 0.034758159066659, 0.47077914400759974, 0.3760341505637582, 0.3473594846931799, 0.3301640038000438, 0.3140229745439947, 0.3063736465083151, 0.28943359899795784, 0.2785696233653412, 0.26569064192235986, 0.2524349098742854, 0.2421447789915816, 0.23304846230469498, 0.224718053858714, 0.21119586450840336, 0.19719898374491593, 0.1873686997356161, 0.17977909096061157, 0.169171519994309, 0.16362864426792695, 0.14909344186295473, 0.1368456696709113, 0.1295566214848021, 0.11887777376083541, 0.10955007497888687, 0.10007742573131863, 0.08976778434737016, 0.08269238768020457, 0.07175022769158143, 0.06709761805530284, 0.0610059879649878], "acc": [0.7962121183447766, 0.845919914267961, 0.8565636027662874, 0.869614791247788, 0.8791180862971991, 0.8835529555418863, 0.8902686166841852, 0.8962240158997994, 0.9039533628586036, 0.9078813911209358, 0.9154840246620846, 0.9227065295056528, 0.923593502357655, 0.9313228477304258, 0.9381652216106517, 0.9423466674186709, 0.9450075918656584, 0.9494424611103456, 0.9529903584093354, 0.9593258890414443, 0.9599594406016998, 0.9649011541216493, 0.9702230021093198, 0.9719969484930526, 0.9774455042339737, 0.9785859009757962, 0.9820070871228925, 0.9826406399368696, 0.9860618263105421, 0.9865686692112421, 0.778914138674736, 0.8405980676397478, 0.8588443914918324, 0.8663203164791614, 0.874176372671514, 0.8772174281875796, 0.8791180869769276, 0.8886213780537029, 0.8947034879680581, 0.9034465199427985, 0.9048403350308771, 0.9082615225374306, 0.9130765222923077, 0.9195387633965817, 0.9263811334250122, 0.9287886362479414, 0.9332235063989333, 0.9352508766724866, 0.9391789053879712, 0.9450075923188108, 0.9512164104395691, 0.9537506241878155, 0.9572985194476196, 0.9610998365580582, 0.962873783848096, 0.9650278650469667, 0.9711099747347457, 0.9759249778882658, 0.9764318197769256, 0.9774455051402785]}