{"val_loss": [0.44315863624478397, 0.41844116251375985], "val_acc": [0.8122791519434629, 0.8303886927901224], "loss": [0.6036032518031952, 0.5036039708449785], "acc": [0.6748295885178514, 0.7653370360568508]}