{"val_loss": [0.318658413924935, 0.33560993093273245, 0.3186352483585951, 0.33605965666551896, 0.32575259644656634, 0.32870658958337334, 0.31381808158155045, 0.3335875741373945, 0.35828840437710496, 0.30601701035095186], "val_binary_accuracy": [0.8692579505300353, 0.8542402828961295, 0.8692579507406525, 0.861749116818391, 0.8608657243816255, 0.8643992932862191, 0.8674911660777385, 0.8586572440268715, 0.8507067139915359, 0.8754416959024571], "loss": [0.3664316973491198, 0.36343414236938854, 0.36134476609465993, 0.3671072638717994, 0.35680124544338937, 0.35406926060619753, 0.3538127212482581, 0.3564514277469507, 0.35349997391275795, 0.3566046487544709], "binary_accuracy": [0.8418328705925858, 0.8432214086749764, 0.8425902550764018, 0.8422115628420178, 0.8448624083171797, 0.8506690229439007, 0.853067407205351, 0.8465034083205322, 0.8475132543039695, 0.8494067153103633]}