{"val_loss": [0.4720438261117254, 0.4823804579192786, 0.45548370287572737, 0.45478827061413, 0.47039732503162013, 0.5652801469504405, 0.4522491190180504, 0.46298330427288154, 0.4485583480635135, 0.49524569881262537, 0.43188909331350017, 0.4620229782496425, 0.4011974624699826, 0.450660353566674, 0.3940719792203938, 0.42265173192504496, 0.4234929475531304, 0.45088054443434844, 0.47156286604112857, 0.588999476793001, 0.3985898987316399, 0.36909848816103213, 0.42843485248389, 0.3685591994858474, 0.5347751070269577, 0.4384867788272367, 0.3841099156964597, 0.43573963132908017, 0.6221623455020163, 0.369766690748201], "val_acc": [0.7880952411464283, 0.7769784146933247, 0.8003597077277067, 0.8039568287434338, 0.7943645053201442, 0.7344124713818804, 0.805755394397022, 0.8003597066556807, 0.8171462783281752, 0.7787769762732142, 0.8201438795319564, 0.8141486784108252, 0.8363309307492894, 0.8183453168800409, 0.8321342886351853, 0.8195443629360885, 0.8213429234439521, 0.8063549142089679, 0.8165467598026604, 0.7488009599472979, 0.8237410050501927, 0.8339328491430489, 0.7991606700334618, 0.8381294888986958, 0.7967625897136523, 0.8177457962104743, 0.8477218178965205, 0.7997601911318388, 0.736810550844069, 0.8387290108546936], "loss": [0.6109773500850706, 0.5266337883665788, 0.4899706747543371, 0.46862144685915386, 0.4537212764376985, 0.4489550309447365, 0.4383380529987619, 0.4260479236843921, 0.4136163477766532, 0.41690473611576573, 0.39610056772835656, 0.4091973959213879, 0.39696338199252745, 0.4050698125186422, 0.3951004755622351, 0.38897877279055404, 0.3831675729633616, 0.3845938610255688, 0.3847670809295476, 0.37900315288565695, 0.3742364504885776, 0.3754880092414998, 0.3710598963328382, 0.3706328795398635, 0.35856087077777216, 0.35773981577639824, 0.3626841590199308, 0.35925789619618964, 0.35662967649378635, 0.3512402024560028], "acc": [0.6648989928265413, 0.7451849997315501, 0.7754688273966162, 0.7845919907878512, 0.7952356798601706, 0.8000506825605384, 0.8058793669990398, 0.8144956865832701, 0.818043584108836, 0.8188038486335946, 0.8256462188886013, 0.820704506743214, 0.8308413526731521, 0.8229852966016401, 0.8288139849976724, 0.8310947745237868, 0.8366700377913822, 0.836416620019119, 0.8331221444499233, 0.8352762244101775, 0.839204253125662, 0.8390775417471923, 0.8437658334014021, 0.8456664911636047, 0.8454130687540821, 0.8488342578466689, 0.8478205733896208, 0.8475671510707287, 0.8520020232760115, 0.850228072813907]}