{"val_loss": [0.4703162497850694, 0.4372213159559472, 0.4169862847446132, 0.41205302228354734, 0.4350377679292389, 0.4056131918733617, 0.3889578322850352, 0.36470010602853326, 0.36473815701243734, 0.36068016174825257, 0.37623282708885813, 0.35354350717876487, 0.37164934411276357, 0.34397339536528704, 0.34739599105747343], "val_binary_accuracy": [0.814487632719451, 0.8065371024734982, 0.8189045934289588, 0.8158127210586736, 0.81272084784592, 0.8259717314487632, 0.8334805651604076, 0.842756183534966, 0.8462897526501767, 0.8414310954063604, 0.8440812722954227, 0.848939929539239, 0.8529151941356726, 0.8529151945569069, 0.8462897526501767], "loss": [0.6249517744552364, 0.5098787937101708, 0.4768984174674221, 0.46018849297082653, 0.452310821905307, 0.4388093895395727, 0.4296103904747475, 0.42301665306678177, 0.42781436637446485, 0.41777371425756266, 0.40499560584988264, 0.4027716600512712, 0.39543174346027216, 0.3908675758864536, 0.3910553006023146], "binary_accuracy": [0.6396112093056311, 0.7605402676392854, 0.7819994950318572, 0.7904569553143146, 0.7893208785058272, 0.8015652612525085, 0.8098964908152511, 0.8111587982832618, 0.8091391063163871, 0.8146932593080559, 0.8250441807473858, 0.8283261802123671, 0.8271901035242627, 0.826558949715018, 0.8308507952838196]}