{"val_loss": [0.6931484387957165, 0.6931518194110992, 0.6931474303609491, 0.6933201528269495, 0.6931561227400816, 0.6934472983801744, 0.6934237435933979, 0.6931473122047451, 0.6932158487003178, 0.6933569781771818, 0.6931902791501776, 0.6932755681314232, 0.693147184992005, 0.6934297693491824, 0.6935729978362579, 0.6933484052179559, 0.6934661867340546, 0.6931472424904787, 0.6932954824012918, 0.6933163313899361, 0.6931588609732503, 0.6931492147091842, 0.6932034441944567, 0.6931596398353577, 0.6932159034607689, 0.693155295646654, 0.6935083868225556, 0.6932255570964342, 0.693153742766633, 0.693166970996048, 0.693407165919934, 0.6931587442913661, 0.6933108523961933, 0.6931478381156921, 0.6931495618061969, 0.6932054122008199, 0.6931570732551413, 0.6931606499550621, 0.6931488406531803, 0.693257982023192, 0.6933285657171647, 0.6931799525928161, 0.6931843808177504, 0.6931530188755939, 0.6931964733996576, 0.6931780469291202, 0.6931713240306706, 0.693255966838594, 0.6931522572840902, 0.6931795911738392, 0.6931507610600744, 0.6932122503068338, 0.6931510544497217, 0.6931775197544704, 0.6931635113992455, 0.6931560612398828, 0.6931488549751443, 0.6931505102150853, 0.6932198420009007, 0.6932259699059881, 0.6931472951447585, 0.6931497998035417, 0.6931908642445352, 0.69318425507933], "val_binary_accuracy": [0.5, 0.5, 0.5, 0.5, 0.5000000001053085, 0.5000000002106171, 0.5000000001053085, 0.5000000002106171, 0.5000000001053085, 0.5000000001053085, 0.49999999978938287, 0.5, 0.5, 0.5000000001053085, 0.49999999978938287, 0.5000000001053085, 0.5, 0.5000000002106171, 0.5, 0.5000000002106171, 0.5, 0.5000000002106171, 0.5000000002106171, 0.5000000001053085, 0.5000000001053085, 0.5, 0.5000000001053085, 0.49999999978938287, 0.5000000001053085, 0.49999999989469146, 0.49999999978938287, 0.5, 0.5000000002106171, 0.5000000002106171, 0.5, 0.5000000002106171, 0.5000000001053085, 0.49999999978938287, 0.5000000002106171, 0.5, 0.5000000002106171, 0.5, 0.49999999978938287, 0.49999999989469146, 0.5000000001053085, 0.5, 0.5, 0.5000000001053085, 0.49999999978938287, 0.5000000001053085, 0.5000000002106171, 0.5, 0.5000000002106171, 0.5000000001053085, 0.5, 0.5000000001053085, 0.5000000002106171, 0.5, 0.5000000002106171, 0.49999999989469146, 0.5000000001053085, 0.5000000002106171, 0.5000000002106171, 0.49999999989469146], "loss": [0.7167369647478702, 0.6937533092751583, 0.6933294240948649, 0.6932268918719264, 0.6933538177133178, 0.6932172214133184, 0.6933004153072759, 0.6934157863044883, 0.6933205173762571, 0.6932840782324192, 0.693254536719853, 0.6932706937318015, 0.6933118859284817, 0.6932730858026807, 0.6933357533075929, 0.6932201852132743, 0.6932338592651606, 0.693236747524769, 0.6932907947624792, 0.6932512040211678, 0.6933138806450941, 0.693378545831051, 0.6933189997977603, 0.6932971012378636, 0.6933302794463464, 0.6933443448483959, 0.6934771192131004, 0.6934405641404103, 0.6933639284728362, 0.6933518791102424, 0.6932859674634069, 0.6933323537210899, 0.6933699297622068, 0.6933957330056797, 0.693533122689999, 0.6933860788439236, 0.6932400632344, 0.6932554700343906, 0.6933049838580859, 0.6933026351401433, 0.6932473252801334, 0.6932863852677397, 0.6933882520735128, 0.6933398964097481, 0.6932879323551252, 0.693427865657503, 0.6935738925529351, 0.6933078206990951, 0.6933459142517845, 0.693329420874619, 0.6932230369968265, 0.6933504849393932, 0.6934137003074479, 0.6934908683839937, 0.6933477721380423, 0.6933211858180459, 0.6932870880186904, 0.6933186015857647, 0.6932862496562632, 0.6933484219656061, 0.693311539767096, 0.6932191990204936, 0.6932947573051462, 0.693355956287644], "binary_accuracy": [0.5010098459307698, 0.4915425397626862, 0.4973491542765481, 0.5, 0.49570815442367444, 0.5044180761229898, 0.5044180763788038, 0.49621307752072824, 0.49999999991723665, 0.49848523113770304, 0.4965917697551123, 0.5030295381308866, 0.49293107806327097, 0.498737692554561, 0.503534460911935, 0.5042918455086101, 0.5068164604596795, 0.49974753843266323, 0.4982327693973157, 0.5025246149134498, 0.490911385998585, 0.48232769501146056, 0.4924261550640283, 0.49949507688037437, 0.48838677101741984, 0.4969704620045443, 0.5017672304823013, 0.48636707903549725, 0.4906589245666792, 0.49166877049744895, 0.502019691929255, 0.4883867709497044, 0.488639232411706, 0.49394092392632527, 0.4969704621550231, 0.48939661698580933, 0.4957081546418687, 0.4977278463830252, 0.49015400144705357, 0.4931835394951768, 0.5047967685078527, 0.4952032315523388, 0.4977278463980731, 0.49267861648088634, 0.4962130775056804, 0.4977278466388391, 0.49318353944250926, 0.5045443070458511, 0.49495076988719083, 0.4896490784478109, 0.495455692939101, 0.49671800048987513, 0.48687200191435687, 0.49596061600605906, 0.4977278464883603, 0.48762938643579257, 0.49899015401656266, 0.49040646299934243, 0.4921736934966916, 0.4997475384853308, 0.4901540014094338, 0.49848523100227216, 0.5002524616350522, 0.4979803078826465]}