{"val_loss": [2.3188555265905157, 2.2820531336241814, 2.231590262571409, 2.2174593821009982, 2.2116847257310845], "val_acc": [0.5000000001053085, 0.5000000001053085, 0.5388692580558386, 0.6157243818360588, 0.5], "loss": [86.71257916329877, 85.5348326079444, 2.246372779912643, 2.2270870474786717, 2.215113557910895], "acc": [0.5343347639560218, 0.4983590002599854, 0.5102246907346629, 0.5037869225244154, 0.5073213835040657]}