{"val_loss": [0.7748830017268447, 0.6535496659076677, 0.6267479085248266, 0.6230243271736711, 0.6307866647049732, 0.6286031317373889, 0.6247986982652239, 0.6078050302953686, 0.5995068031991749, 0.6205610778222236, 0.6005824298824943, 0.603362837654963], "val_acc": [0.7173144876325088, 0.7420494699646644, 0.758833922261484, 0.7367491163971567, 0.6939045938501931, 0.7053886923688881, 0.7371908129314652, 0.758392226359027, 0.7557420496805818, 0.7226148409893993, 0.7499999997893829, 0.7380742051576136], "loss": [5.988473793362403, 0.7217829397338053, 0.677407585620519, 0.6609391988572735, 0.65987516526952, 0.6593001279768334, 0.6496524934635052, 0.6490656118355626, 0.6336915778620199, 0.6376689803687589, 0.628677772079204, 0.627645822869681], "acc": [0.5826811411109304, 0.6285029032921977, 0.6536228224744222, 0.6658672052511992, 0.6784902802021688, 0.6768492804696782, 0.6827821257408747, 0.6863165867807166, 0.7096692754054004, 0.6998232769803608, 0.7123201212116156, 0.7171168897194683]}