{"val_loss": [0.5998685161974742, 0.5522190471420019, 0.48937730865006734, 0.4645797444948459, 0.44200749879591034, 0.4377989221903966, 0.47950716121879144, 0.43251181396494487, 0.4210550842984405, 0.45743734192089985, 0.4273135050236126, 0.41570575530031967, 0.4544781067346094, 0.4072461226171824, 0.4645980108963727, 0.5110386194062317, 0.399995793512769, 0.39131952132437337, 0.44276688124181524, 0.39553891727865376, 0.4175094882085551, 0.38695828895686796, 0.39613975642426696, 0.39708650175337235, 0.39968780704606127, 0.4553545175297943, 0.3826449830414128, 0.381535094112895, 0.39288271300152416, 0.3857711332425633], "val_acc": [0.7327738518007231, 0.7036219081272085, 0.7667844525074369, 0.7910777387265182, 0.7981448763250883, 0.7981448761144713, 0.7747349823321554, 0.8003533568904594, 0.8127208480565371, 0.7901943460791355, 0.8060954061498069, 0.8100706713780919, 0.7946113072098776, 0.8202296819787986, 0.7981448761144713, 0.7835689048042567, 0.8286219083378256, 0.8308303884819623, 0.8109540638148574, 0.8365724381625441, 0.8215547703180212, 0.822879858867861, 0.8378975267123839, 0.8277385161116771, 0.833922261484099, 0.8065371022628811, 0.8396643111646808, 0.8392226148409894, 0.8290636040296656, 0.833922261484099], "loss": [0.6627564246652705, 0.6037617587691092, 0.5640562501061417, 0.5331530611989355, 0.5188558022953651, 0.5125059592124941, 0.4959921445081524, 0.4906067714429931, 0.48240595299828626, 0.480133917484582, 0.47408000954441637, 0.4568196655681596, 0.4621553955069698, 0.4647089157764191, 0.4581912481944328, 0.4498717160093697, 0.4439455940999698, 0.4465299698476447, 0.4567316562667154, 0.44217437928567416, 0.4447522128780994, 0.4357240246916865, 0.43958800984464247, 0.4353291225294909, 0.4335919322163371, 0.4376362418321852, 0.4253372242883491, 0.41986337562186404, 0.4245973900995059, 0.418724826386829], "acc": [0.6043928300482672, 0.6844231255034611, 0.7201464276246368, 0.7458975006612495, 0.7465286543350634, 0.7575107296588776, 0.7647058823679891, 0.7668518050545786, 0.7706387275488983, 0.774173188618836, 0.7754354961018947, 0.7890684170663974, 0.7855339560416034, 0.7836404948696829, 0.7896995707853549, 0.8011865690181244, 0.7995455692404901, 0.7938651855140586, 0.7899520322699283, 0.7997980308303987, 0.8010603382683137, 0.8068669528047474, 0.8024488765613745, 0.8016914920324149, 0.8078767987430412, 0.8039636455139588, 0.8116637212975523, 0.8143145670586239, 0.8106538752238277, 0.8126735672960376]}