{"val_loss": [2.3188555265905157], "val_acc": [0.5000000001053085], "loss": [86.71257916329877], "acc": [0.5343347639560218]}