{"val_loss": [0.5938536971280937, 0.5589613647006004, 0.5139823583326576, 0.5087919497447806, 0.5019126517612605, 0.47239616260511713, 0.48879463870618034, 0.45094265638728864, 0.44731120559857507, 0.4741714926364144, 0.5343158707391247, 0.44781854137936244, 0.50605078699732, 0.43902463500154315, 0.42395633016795237, 0.42164271775067064, 0.4164633357061514, 0.4634804700372918, 0.4318066062438614, 0.406404704697983, 0.42732575946477613, 0.48604194614575524, 0.4214311142060445, 0.4465118631878506, 0.41364334992300916, 0.43368128152702384, 0.4118296058565484, 0.4528572787876264, 0.4855959379630881, 0.4013917973732359], "val_binary_accuracy": [0.7265901062176843, 0.7420494699646644, 0.76501766805514, 0.7742932862190812, 0.765017667844523, 0.7831272084805654, 0.7703180209907963, 0.7946113072098776, 0.7977031804226312, 0.795494699436026, 0.7367491163971567, 0.7932862190812721, 0.7553003531462733, 0.8016784450190648, 0.8202296817681815, 0.8202296817681815, 0.8211130739943299, 0.7853356890459364, 0.8034452294713617, 0.8277385159010601, 0.8038869260056701, 0.7742932864296984, 0.8131625441696113, 0.7963780918727915, 0.8224381627547868, 0.8034452294713617, 0.8255300355463062, 0.7981448761144713, 0.7773851587999836, 0.8259717314487632], "loss": [0.6645420973904654, 0.6215770896622943, 0.5825347837189537, 0.5655641298166462, 0.5490670946173462, 0.5343501658880239, 0.5321820636525114, 0.5108715067440077, 0.5113376795387846, 0.4988923862151382, 0.4971590471279739, 0.4876094365083819, 0.47691399311965177, 0.48176781156393533, 0.4842915610137295, 0.47378107889587606, 0.47318409941949435, 0.46440367846439595, 0.45648029278818025, 0.4545048630108168, 0.4568320911916571, 0.45110280939317415, 0.45892223296698764, 0.4495577899171559, 0.4562569032170441, 0.44733527867789824, 0.4473237824828238, 0.43891456416236485, 0.44180802783861334, 0.43731939882920323], "binary_accuracy": [0.6018682152777722, 0.6627114366714595, 0.7063872758802275, 0.712446351991522, 0.7330219640752277, 0.746023731441156, 0.7431204240600799, 0.7573844989542106, 0.7578894220437404, 0.7624337286908227, 0.7660944205256189, 0.7693764201561268, 0.7798535724205069, 0.7792224184005918, 0.7722797274168198, 0.7790961879065951, 0.7838929563993999, 0.7867962637353323, 0.7934864933850097, 0.7970209542292291, 0.7917192627823253, 0.795506185397028, 0.7874274171533322, 0.7965160314858005, 0.7967684926393206, 0.7972734157739941, 0.7997980306498241, 0.8038374146287173, 0.8019439535019405, 0.8023226457513724]}