{"val_loss": [0.4109108725516619, 0.3664195597593018, 0.363542775909808, 0.36712699591481646, 0.3250993546032653, 0.32849853420004826, 0.3169937865683552, 0.36341073945849184, 0.30948749953360943, 0.30028837466408426, 0.3026184947772919, 0.32746647177231186, 0.3017149039481638, 0.29556849830563414, 0.33710453830422443, 0.3000809138528871, 0.3003427192516125, 0.3072472148354399, 0.2935591064683119, 0.31981638584667715, 0.3219922948957753, 0.30798615099263277, 0.3427172793937656, 0.3115078481473687, 0.3526244740604091, 0.3638236359446293, 0.3565146943073812, 0.3712178909420546, 0.41015374786204034, 0.39152499106663274], "val_binary_accuracy": [0.8069787985865724, 0.8348056537102474, 0.838339222614841, 0.849381625231079, 0.8657243816254417, 0.8652826855123675, 0.8652826853017503, 0.8378975265017667, 0.8683745583038869, 0.8732332157583202, 0.8750000002106171, 0.8683745583038869, 0.8794169609201249, 0.8794169613413592, 0.861749116818391, 0.8869257950530035, 0.8829505298247186, 0.8878091872791519, 0.8895759717314488, 0.8754416961130742, 0.8895759715208317, 0.8895759717314488, 0.8869257952636207, 0.8944346287646479, 0.8851590108113239, 0.8798586570331991, 0.8935512367491166, 0.8842756185851754, 0.8829505300353356, 0.8931095408466595], "loss": [0.47200339988938667, 0.3816993471815321, 0.34088183246878356, 0.32508574047343836, 0.3129949751104318, 0.29706312921786965, 0.2920496718084773, 0.2716900799437564, 0.2694654685624529, 0.25334572096088864, 0.24017663861323232, 0.23438439573702322, 0.22246907714625497, 0.218478614582434, 0.19936692849745868, 0.1895704649405719, 0.17535172414897038, 0.16643508955012426, 0.15966549868220725, 0.14546935268948397, 0.13321472525528902, 0.11462476731430127, 0.10372370793734557, 0.10111092979582655, 0.09036455087681607, 0.07162294103826305, 0.06498706372860585, 0.06803580935751961, 0.05279286948099217, 0.045039777237450764], "binary_accuracy": [0.7722797271760538, 0.8405705630794315, 0.8576117140480558, 0.8644281746582141, 0.873138096545628, 0.8774299420391902, 0.8829840950158111, 0.8930825550006635, 0.8916940164969324, 0.9004039383843462, 0.9052007069824862, 0.907472860238312, 0.9092400908560441, 0.9151729359918097, 0.9240090885838906, 0.9252713959616141, 0.9300681644694668, 0.9365059327098102, 0.9377682403282998, 0.9440797778188325, 0.9508962383086078, 0.9582176216621948, 0.9638980054187221, 0.9627619286704262, 0.9673062359194237, 0.9746276194084416, 0.9782883110325675, 0.9761423882707385, 0.9852310022721535, 0.9856096945215854]}