{"val_loss": [0.497644472880414, 0.43687035285541953, 0.39270883809130097, 0.39879512081297885, 0.38936282425802926, 0.5018169441829722, 0.35401751632825224, 0.35558328785449794, 0.3629078970359829, 0.3489490332536057, 0.34499704595589387, 0.3429941295945602, 0.32507338730269525, 0.3230319312730863, 0.32724241949222954, 0.3296748404999925, 0.32810702817284176, 0.31886041796249553, 0.33446237318507355, 0.3115499891051134, 0.3085009677881908, 0.3152634925324167, 0.32245420567138455, 0.30122667514182655, 0.3154876961408993, 0.30099825803256286, 0.3069642488926965, 0.30893894661441706, 0.29879305556469166, 0.3276467526548743], "val_binary_accuracy": [0.776060070460761, 0.8180212014134276, 0.8378975267123839, 0.8118374556197716, 0.8219964664310954, 0.7840106009173309, 0.8471731448763251, 0.8471731450869422, 0.8365724381625441, 0.8533568902487468, 0.8489399291180048, 0.8546819787985865, 0.8604240284791683, 0.8626325088339223, 0.8599823323660941, 0.861749116818391, 0.8635159010600707, 0.8692579505300353, 0.8657243816254417, 0.8719081274190977, 0.8727915192240119, 0.8754416963236913, 0.8692579505300353, 0.8736749118713945, 0.8776501768890623, 0.8807420496805818, 0.8816254414854959, 0.8785335691152107, 0.8825088339222615, 0.8714664313060235], "loss": [0.5679175496041188, 0.45387485328421273, 0.4222198212817894, 0.40168844513657176, 0.38509046092415, 0.3703971538872347, 0.35810188988608804, 0.3493108449109243, 0.333043801900384, 0.32803380182372655, 0.3228884927403653, 0.30946738277231617, 0.30349922654936334, 0.29463746980475947, 0.2877113409895272, 0.2786488467072694, 0.27317707894035614, 0.26443534225368404, 0.25699477410472965, 0.24958191154069956, 0.243587984622834, 0.2395952506006381, 0.23050786404710802, 0.2247273562247029, 0.21722523467434202, 0.21135615919521739, 0.20676342589600585, 0.20093171064133175, 0.1978537965959986, 0.18880041307781237], "binary_accuracy": [0.7172431202435607, 0.7994193385057273, 0.8143145670887196, 0.8259277959659647, 0.8356475635659542, 0.8377934863127352, 0.8502903306944688, 0.854960868437463, 0.8596314063008401, 0.8630396364253448, 0.8673314819339549, 0.8747790960223047, 0.8752840190215473, 0.880459479778832, 0.884498863757725, 0.8894218630153884, 0.8919464782674155, 0.8971219387688862, 0.8985104771221385, 0.9025498611160795, 0.9063367837307821, 0.9073466294885013, 0.9096187829700452, 0.9120171672465434, 0.918707397106891, 0.9219893964665371, 0.919843473719756, 0.9246402423479918, 0.9247664730827545, 0.9295632417109903]}