{"val_loss": [0.71944644594361, 0.6320338122836271, 0.565523354409019, 0.5371761902271648, 0.675862697746223, 0.5091879304643233, 0.6190889519853221, 0.4971560871643228, 0.6305909238939993, 0.4635923261566634, 0.5286680684283428, 0.4547364673850393, 0.5312915444374084, 0.4540945662205295, 0.46617765519307275, 0.5147987583079523, 0.4545625181796273, 0.509220681636999, 0.4785997840204003, 0.4411093477857408, 0.44241587001527577, 0.464970724532124, 0.46858231718043136, 0.44548844490792644, 0.4289883626855304, 0.4433181312185294, 0.4169267636095256, 0.42857337450812644, 0.42877339621735966, 0.42176853296718836], "val_acc": [0.5225265017667845, 0.6347173144876325, 0.7283568902487468, 0.7416077740622072, 0.6289752650176679, 0.7667844520862027, 0.6859540638148574, 0.7716431095406361, 0.6846289752650176, 0.7897526503872956, 0.7606007067137809, 0.7946113072098776, 0.7553003531462733, 0.799911660566768, 0.793286218870655, 0.7738515898953899, 0.7981448763250883, 0.7742932860084641, 0.7915194348395924, 0.8074204944890295, 0.8091872793625606, 0.8069787985865724, 0.7968197881964828, 0.8109540638148574, 0.8184628973158846, 0.8144876325088339, 0.8197879856551072, 0.8105123674911661, 0.8149293288325252, 0.816696113074205], "loss": [0.688978129039958, 0.6405295727079007, 0.6133277760524697, 0.5969811773185807, 0.5764434337916924, 0.570146814180546, 0.5575230276379974, 0.5446579691527679, 0.5393685397702135, 0.5291643489102347, 0.5263877583404768, 0.5178267280431265, 0.5121516102463631, 0.5071881563186164, 0.501180300204569, 0.49683661109207555, 0.49474320738822997, 0.49281923116622806, 0.48512596997971547, 0.492187654060175, 0.48506651662630557, 0.4838267444240057, 0.47749325966359507, 0.4787244025549182, 0.4745055988066066, 0.47068096185326425, 0.4730837055301161, 0.4697761458599396, 0.46898954584573865, 0.47173627670802604], "acc": [0.577379449618883, 0.6408735167585939, 0.6649835899573809, 0.6872002019541518, 0.7062610452357521, 0.7111840444031282, 0.721661196697604, 0.7336531178694246, 0.7347891946327684, 0.7427417318407438, 0.7499368846100468, 0.7559959606461019, 0.7600353446701384, 0.7612976521231014, 0.7648321131177998, 0.7657157283815221, 0.7719010350470048, 0.7712698813129995, 0.772279727401772, 0.7724059580311996, 0.7765715728050469, 0.7755617268667532, 0.7809896491086112, 0.7801060338749846, 0.7846503407778809, 0.7867962635246619, 0.7856601868516054, 0.7855339560416034, 0.7871749557891418, 0.782378187281289]}