{"val_loss": [0.48834243416786194, 0.4373475516871583, 0.44753695349041506, 0.43657259074904076, 0.4172628607681329, 0.4604601267216017, 0.46211366242856433, 0.4712186852376238, 0.4261345591583698, 0.41648002092143616, 0.40210170829467634, 0.4086695129601218, 0.48954248063855893, 0.41466580883418913, 0.3987910102704446, 0.4163466940144841, 0.41643579834871153, 0.43585165622208616, 0.37833288338758964, 0.40519293349423857, 0.44271842159813257, 0.40649149829535175, 0.4434075774155932, 0.40216599546855303, 0.41945660079447483, 0.47002428898708426, 0.4176688489350055, 0.450299041573521, 0.44170516581951286, 0.46969473195804967], "val_acc": [0.7696428554398673, 0.7985611470054379, 0.7931654624801745, 0.8129496342844242, 0.8075539561913168, 0.7907673853764431, 0.8099520322230223, 0.7997601879157609, 0.8117505938029118, 0.8171462783281752, 0.8243405216460605, 0.8237410029061407, 0.8069544350929397, 0.8279376394457096, 0.8357314098653176, 0.8267386028234908, 0.836930451418856, 0.8135491543107753, 0.8525179796081652, 0.8453237322165812, 0.8321342867055386, 0.8309352490112936, 0.8387290108546936, 0.8513189365537904, 0.8447242177647653, 0.8303357313433997, 0.8435251747103903, 0.8315347677512135, 0.8381294910427478, 0.8261390821539241], "loss": [0.5286322733330907, 0.42394717476102706, 0.3968659638527741, 0.37251723260140573, 0.36538043087825095, 0.349462522200398, 0.33715309582752623, 0.32777833286248, 0.31764779680111627, 0.30570353914002213, 0.3009815197607934, 0.29124245452574227, 0.27763143593791895, 0.2724720865612669, 0.2648455086855706, 0.25327213600870774, 0.2460905187222795, 0.23777886114550073, 0.22747924634634512, 0.21738984102540915, 0.21133160687491176, 0.20203500201862382, 0.19573079603754864, 0.18983065479496863, 0.17884636186422034, 0.169515672525475, 0.16652953322623745, 0.1623769660012535, 0.15152772082968435, 0.14460195524847438], "acc": [0.7407828278162263, 0.813862133769293, 0.8322351718244974, 0.8452863596413743, 0.8435124120039198, 0.8509883364323608, 0.8587176816993961, 0.8636593946453526, 0.868347688686165, 0.8760770315665977, 0.877090717609679, 0.880005060614394, 0.8902686156570397, 0.8890015124156883, 0.8953370412351876, 0.8972377017163046, 0.9031930975332758, 0.905473888751159, 0.910162180073057, 0.9121895494403056, 0.9148504718481074, 0.9221996862575359, 0.922706528599348, 0.9282817940118647, 0.93220982284819, 0.9360111406383572, 0.9375316663043365, 0.9374049556055953, 0.9410795624704453, 0.9475418040278716]}