{"val_loss": [0.4345613352612135, 0.43576374555223824, 0.384497708966791, 0.39613315968547186, 0.36183678693147936, 0.370407884512689, 0.36069610188369616, 0.3458465789527017, 0.3477373309565096, 0.35621020229460915, 0.3570920181569278, 0.33837903346274006, 0.38190131226403135, 0.32186608211311774, 0.37477904884638297, 0.3345280560292962, 0.3342408823250882, 0.31587284097823154, 0.310204740337264, 0.31807489693164825, 0.30793723105963045, 0.374102261167533, 0.3276113005282601, 0.39174239200543176, 0.30644996185184786, 0.329774750100429, 0.34953790418672054, 0.3020840277204244, 0.32002838903728725, 0.3657327075307866], "val_binary_accuracy": [0.8069787983759553, 0.7893109540636042, 0.8423144876325088, 0.8153710245243652, 0.842756183534966, 0.8374558301780755, 0.8458480567477196, 0.8502650176678446, 0.8542402826855123, 0.8542402824748953, 0.8502650176678446, 0.8551236747010437, 0.8409893995039034, 0.8635159012706878, 0.8325971729342592, 0.8613074204946997, 0.8648409891886761, 0.8688162546275783, 0.8732332157583202, 0.8732332153370861, 0.8741166077738516, 0.8502650176678446, 0.8696996466431095, 0.8378975267123839, 0.8807420494699647, 0.8705830386586408, 0.8608657245922425, 0.8829505298247186, 0.8692579507406525, 0.8604240280579342], "loss": [0.5576837004750884, 0.4463251910932556, 0.4086324539232122, 0.3894222466911339, 0.3767466708374457, 0.3664951793655727, 0.35208020590074557, 0.34526426392322657, 0.3401230946916789, 0.325190364407849, 0.3212794898450751, 0.3075168448110266, 0.303602543609427, 0.29716022535725933, 0.28444289708191683, 0.28165880992267506, 0.2734660721508369, 0.26724600087690464, 0.2591925767508759, 0.2535331383877949, 0.24606104602539247, 0.2382655228457346, 0.23622158238214244, 0.22785303774986926, 0.2248758733332744, 0.21575352748561105, 0.2103713606680562, 0.2037649157371704, 0.19489641471798147, 0.19296593608969964], "binary_accuracy": [0.7111840443880802, 0.7965160314858005, 0.8226457966063185, 0.8283261802123671, 0.8371623327141607, 0.8482706386974983, 0.8523100225409604, 0.8552133298016533, 0.8555920220661332, 0.8641757130532577, 0.8661954051706111, 0.8731380963951492, 0.8760414036558422, 0.8754102500422197, 0.8872759405093733, 0.8880333248728064, 0.8890431710067225, 0.8934612472651433, 0.8947235545074359, 0.8995203232711025, 0.9028023224802698, 0.9073466294885013, 0.9055793992319182, 0.9073466296239322, 0.9108810904982475, 0.9144155514778979, 0.919843473840139, 0.9218631659574925, 0.924514011733612, 0.922746781100832]}