{"val_loss": [0.6184376669856769, 0.629740461865078, 0.5660214817987314, 0.5401808164566229, 0.5209987506849606, 0.5619634688953629, 0.506007266971332, 0.48607531569029333, 0.5354132729157963, 0.5131554545656952, 0.45807424608894454, 0.4521793855795169, 0.45072396262795683, 0.442379425987338, 0.44315717235049595, 0.438123182989262, 0.4386963316703432, 0.486970838304122, 0.4303190287979247, 0.4311949156830252, 0.4294124704788936, 0.4298256966334771, 0.429827042898104, 0.42242992145433866, 0.43172400378928166, 0.42782625998288076, 0.432222092214827, 0.4257000578376514, 0.416227965915161, 0.41220767864490143], "val_binary_accuracy": [0.6784452296819788, 0.6108657243816255, 0.7579505302459528, 0.773851590106007, 0.7813604238176515, 0.7128975262911497, 0.7760600708819952, 0.7866607771745419, 0.7446996464324924, 0.7641342754077575, 0.7990282683406197, 0.7977031804226312, 0.8007950530035336, 0.808303886925795, 0.802120141132139, 0.810070671588709, 0.8118374560410058, 0.792844523178815, 0.8144876322982169, 0.8109540636042403, 0.8113957597173145, 0.8131625443802284, 0.8193462897526502, 0.8184628977371189, 0.8091872793625606, 0.8171378091872792, 0.8140459363957597, 0.8149293286219081, 0.8197879858657244, 0.8246466428989235], "loss": [0.6637325415825549, 0.6440400324274692, 0.6200316027389937, 0.6037368885617881, 0.5833083781757249, 0.5726482925978431, 0.5659385354372625, 0.557472205476549, 0.5352278671701639, 0.5305714887580737, 0.5220370735522624, 0.5236267140795865, 0.5244716538289856, 0.514668213346034, 0.5135876315015039, 0.5100971255992224, 0.508275284531802, 0.4895773122434633, 0.4986376714236927, 0.4831086255119052, 0.488820323488743, 0.4791594703400325, 0.4861546309720805, 0.4752597345739445, 0.47777757562491907, 0.4728791221949946, 0.4755884901091656, 0.4713067124660976, 0.46932080145798316, 0.46673285933312547], "binary_accuracy": [0.6022469072563423, 0.6365816714305584, 0.6715475889174393, 0.6882100479977807, 0.7038626608840145, 0.7137086593541976, 0.7167381973797491, 0.7216611967427476, 0.7389548095570945, 0.7429941933253172, 0.7518303459023502, 0.7494319617010915, 0.7496844230351861, 0.7547336531630432, 0.7538500380347516, 0.7513254228128203, 0.7553648068218092, 0.7726584196662517, 0.768619035777646, 0.7763191115160959, 0.7703862660342291, 0.7759404190258978, 0.773289573174539, 0.7851552636567405, 0.7789699569009705, 0.7774551880236257, 0.7838929562790169, 0.7828831103858669, 0.7818732641616635, 0.7893208785208751]}