{"val_loss": [0.6127597980280226, 0.5748684811718472, 0.7066395162693603, 0.5155695116562051, 0.504258892877363], "val_acc": [0.657243816465034, 0.7234982330049305, 0.5962897526501767, 0.7623674913766949, 0.7570671378091873], "loss": [0.6816325308668044, 0.6307634222660965, 0.604833092044863, 0.5836969504781336, 0.5612316270032275], "acc": [0.5870992174144948, 0.6615753597124934, 0.6765968189399612, 0.7046200454129742, 0.7193890432160601]}