{"val_loss": [0.4168835482412008, 0.3897901591268951, 0.371344093720399, 0.36253581188171574, 0.3581635653446083, 0.36819366863254105, 0.34992548812825774, 0.3421661279858633, 0.34512953454951095, 0.33518712448989546, 0.3685788577521226, 0.33195243444122613, 0.32616825670319816, 0.346280579326852, 0.3467720612199062, 0.3223581972265412, 0.32237381785581476, 0.41431187066930764, 0.3400450585798324, 0.31210930187373614, 0.31244997337934405, 0.32053247741802, 0.320337573336207, 0.3163832203080292, 0.30786670981363357, 0.29957456175935565, 0.29767917375682523, 0.3062509013991474, 0.3033297503163031, 0.30415852857562764], "val_binary_accuracy": [0.8237632506727751, 0.8330388690473334, 0.8396643107434465, 0.8396643109540636, 0.8387809189385323, 0.8392226148409894, 0.8480565371024735, 0.855565371024735, 0.8533568902487468, 0.8577738513794889, 0.846731448973868, 0.8626325090445394, 0.8613074202840826, 0.8537985867830553, 0.8568904591533405, 0.8643992932862191, 0.8714664310954063, 0.8118374556197716, 0.8595406362530199, 0.8710247349823321, 0.8727915192240119, 0.8745583036763087, 0.8750000002106171, 0.877208480565371, 0.8776501764678281, 0.8820671375985701, 0.8842756181639412, 0.878975265228285, 0.8842756183745583, 0.8829505300353356], "loss": [0.47020692995809843, 0.3954122720252863, 0.3857299200560342, 0.364198044736227, 0.350204437858256, 0.34538282487495353, 0.337460676232121, 0.32185258989651916, 0.321621442745503, 0.30616992654838937, 0.3054714965507317, 0.2988618661345511, 0.2930093057767757, 0.28487336969652494, 0.27893784305147074, 0.2709805884992676, 0.26488045790194864, 0.2611125991730279, 0.2557620168469585, 0.2462496009063492, 0.24761887800961363, 0.23809733924782056, 0.22876820391068944, 0.22335710203638584, 0.22396495182145218, 0.214488950451496, 0.20912421227434433, 0.202811248839368, 0.1993451154659385, 0.19411186153495652], "binary_accuracy": [0.7871749559095248, 0.8319868720772591, 0.8322393335768804, 0.8475132541835865, 0.8529411763050616, 0.8552133300574672, 0.859252713946073, 0.8712446352834203, 0.8714970966325628, 0.8784397877668136, 0.8759151729060315, 0.881216864398079, 0.8866447866248892, 0.887402171259184, 0.8889169401365289, 0.893208785765522, 0.8961120927403052, 0.8952284777474445, 0.9019187073519783, 0.9031810148651327, 0.9055793991115352, 0.9058318606262044, 0.9141630899632287, 0.9156778589910524, 0.9139106284485595, 0.9178237817227856, 0.9207270892091967, 0.9242615500985598, 0.9251451653321865, 0.9233779349702682]}