{"val_loss": [0.4839224949110523, 0.416039854814644, 0.40879994693998734, 0.4685062493325965, 0.4263613213498685, 0.36284355729713036, 0.3689061187391989, 0.3564179895623413, 0.3533188273123212, 0.35789460765178127, 0.4280013103999013, 0.35583387973451786, 0.41852464008247053, 0.35152414177837304, 0.40462479406026564, 0.3617656476295458, 0.3783395018678672, 0.3637680156492092, 0.32608043805238635, 0.3262589980351209, 0.3192198802536031, 0.3354828073363422, 0.3277419211586457, 0.3313652947808323, 0.3448773145991585, 0.3404558195663425, 0.3165941323176711, 0.32154798254949885, 0.3416891998410646, 0.343596342595643], "val_binary_accuracy": [0.756183745793656, 0.8193462897526502, 0.819346289542033, 0.7844522966091708, 0.8100706711674748, 0.8401060070671378, 0.8409893995039034, 0.8387809189385323, 0.8502650178784616, 0.8476148412000164, 0.8158127206374394, 0.8454063606346454, 0.8162544169611308, 0.8542402824748953, 0.8268551236749117, 0.8476148407787821, 0.833922261484099, 0.8476148409893993, 0.8648409891886761, 0.866166077949133, 0.8639575969625277, 0.8604240284791683, 0.8621908125102309, 0.8652826853017503, 0.8604240284791683, 0.8560070671378092, 0.8692579503194182, 0.8670494699646644, 0.8630742047363793, 0.8674911662883557], "loss": [0.5513338066959165, 0.43937276063378305, 0.4117889111088972, 0.38639940351165025, 0.3751001303182711, 0.36091988368396716, 0.35064930069840816, 0.34027048704660895, 0.33233018135579057, 0.32208445109944245, 0.3119757226758821, 0.3078310232373447, 0.29703602741024043, 0.29039723300265713, 0.2851325814597867, 0.2779183008549822, 0.2703097526758074, 0.2632501855759692, 0.2567652412411601, 0.24796240409797143, 0.24117515700178235, 0.23599616337141524, 0.2271826652430489, 0.22108582009784022, 0.21544065322878383, 0.20889362801930061, 0.20147685538079213, 0.19460523565086082, 0.18995890804942406, 0.1820148694249257], "binary_accuracy": [0.7138348901040082, 0.8015652612675563, 0.8220146428572653, 0.8340065638184156, 0.8394344861806567, 0.8510477150428539, 0.8535723302948809, 0.8595051754155986, 0.8632920980453491, 0.8668265590249995, 0.874274173158493, 0.8751577884222155, 0.8800807876347352, 0.8815955567678939, 0.883362787024477, 0.8882857863724277, 0.8909366322538823, 0.8953547083919201, 0.8973744002685075, 0.9016662458824527, 0.9064630142398267, 0.9068417064892587, 0.9116384749820635, 0.9131532442506531, 0.9169401667449728, 0.9203483968393816, 0.9224943196012106, 0.924514011733612, 0.9280484727132624, 0.9328452412211151]}