{"val_loss": [0.497644472880414, 0.43687035285541953, 0.39270883809130097, 0.39879512081297885, 0.38936282425802926, 0.5018169441829722, 0.35401751632825224, 0.35558328785449794, 0.3629078970359829, 0.3489490332536057, 0.34499704595589387, 0.3429941295945602, 0.32507338730269525, 0.3230319312730863, 0.32724241949222954, 0.3296748404999925, 0.32810702817284176, 0.31886041796249553, 0.33446237318507355, 0.3115499891051134, 0.3085009677881908, 0.3152634925324167, 0.32245420567138455, 0.30122667514182655, 0.3154876961408993, 0.30099825803256286, 0.3069642488926965, 0.30893894661441706, 0.29879305556469166, 0.3276467526548743, 0.5342983267543173, 0.3944885929776586, 0.38446076324887496, 0.3725825186963637, 0.3598782633934762, 0.3556798170501689, 0.3565922288928352, 0.34343071318767937, 0.36165644202131264, 0.35936709659259647, 0.3384914238650891, 0.333654750572919, 0.3795021264797386, 0.3248237358807675, 0.3226976267229963, 0.3434456356212023, 0.3187716837590659, 0.31666318171858365, 0.3131272933929632, 0.3106404396544076, 0.30760942099372407, 0.3114255497186007, 0.33980489330030583, 0.308569972327657, 0.36557327927001376, 0.3141842819355402, 0.33376568018758257, 0.3262189458726573, 0.3243793411305431, 0.3082857240425824, 0.4255385615800379, 0.40811278415652974, 0.442116944402351, 0.4156646164061745, 0.41700529051753743, 0.37047568605982373, 0.39156596589004194, 0.47801455402542764, 0.34117471087105283, 0.33511078452474236, 0.35267458777124383, 0.333315912489335, 0.33448279672713666, 0.3251302886240895, 0.3279618784627308, 0.35014497865215205, 0.3577594091529981, 0.3145527203596944, 0.3153323866032038, 0.3251461256097989, 0.37828877391853094, 0.3604677064679958, 0.32017803721314186, 0.37762010634577314, 0.3143267137633617, 0.3265541355411914, 0.3131170907837763, 0.31195891587978536, 0.3490625914752273, 0.31193309627447025], "val_binary_accuracy": [0.776060070460761, 0.8180212014134276, 0.8378975267123839, 0.8118374556197716, 0.8219964664310954, 0.7840106009173309, 0.8471731448763251, 0.8471731450869422, 0.8365724381625441, 0.8533568902487468, 0.8489399291180048, 0.8546819787985865, 0.8604240284791683, 0.8626325088339223, 0.8599823323660941, 0.861749116818391, 0.8635159010600707, 0.8692579505300353, 0.8657243816254417, 0.8719081274190977, 0.8727915192240119, 0.8754416963236913, 0.8692579505300353, 0.8736749118713945, 0.8776501768890623, 0.8807420496805818, 0.8816254414854959, 0.8785335691152107, 0.8825088339222615, 0.8714664313060235, 0.7433745583038869, 0.8303886923688881, 0.8374558305993097, 0.8436395757611144, 0.8418727915194346, 0.8440812722954227, 0.8476148407787821, 0.8515901062176843, 0.8480565371024735, 0.8484982334261648, 0.8604240284791683, 0.8613074204946997, 0.8303886925795053, 0.8661660775278988, 0.8639575971731449, 0.8577738518007231, 0.868816254206344, 0.871024734771715, 0.871024734771715, 0.8714664308847893, 0.8745583040975429, 0.875, 0.8604240282685512, 0.8754416959024571, 0.8515901062176843, 0.8696996464324924, 0.8635159010600707, 0.8767667844522968, 0.8719081274190977, 0.8820671375985701, 0.8113957595066974, 0.8113957597173145, 0.7871024734982333, 0.8038869255844359, 0.805653710457967, 0.8454063604240283, 0.8325971729342592, 0.8034452296819788, 0.8480565368918563, 0.8568904595745748, 0.8493816256523132, 0.8604240282685512, 0.8555653712353521, 0.8608657241710084, 0.861749116818391, 0.8568904595745748, 0.8489399291180048, 0.8652826853017503, 0.8683745580932698, 0.8648409891886761, 0.8445229679872628, 0.8462897528607938, 0.8679328621908127, 0.8515901060070671, 0.8727915192240119, 0.866607773640973, 0.8745583040975429, 0.8780918730021365, 0.8590989397187115, 0.8798586572438163], "loss": [0.5679175496041188, 0.45387485328421273, 0.4222198212817894, 0.40168844513657176, 0.38509046092415, 0.3703971538872347, 0.35810188988608804, 0.3493108449109243, 0.333043801900384, 0.32803380182372655, 0.3228884927403653, 0.30946738277231617, 0.30349922654936334, 0.29463746980475947, 0.2877113409895272, 0.2786488467072694, 0.27317707894035614, 0.26443534225368404, 0.25699477410472965, 0.24958191154069956, 0.243587984622834, 0.2395952506006381, 0.23050786404710802, 0.2247273562247029, 0.21722523467434202, 0.21135615919521739, 0.20676342589600585, 0.20093171064133175, 0.1978537965959986, 0.18880041307781237, 0.5490027901139773, 0.44656574126446796, 0.4134351614071726, 0.39020701886968945, 0.375192499874036, 0.35948229578672347, 0.34654072806619085, 0.33794112109650387, 0.32582406848631434, 0.31744962625959794, 0.3118407774140094, 0.3000698629893669, 0.2970748265579294, 0.28780338555627083, 0.2783116893285575, 0.27308694966000097, 0.2650057799705981, 0.25763697002428226, 0.2505153866728819, 0.24365840029894056, 0.23804845130863408, 0.23039845039946236, 0.22457309976517326, 0.21816951029681703, 0.21256969763425468, 0.2062743348971186, 0.19739753137300545, 0.1937893568581627, 0.19020303252428897, 0.18477318132504525, 0.5417969360462315, 0.4349568763245118, 0.4071786436911816, 0.388127468197191, 0.37256991435138603, 0.35910384210634944, 0.3435305983798728, 0.33748130988996455, 0.3277785950343857, 0.3211107766596665, 0.3137128801169464, 0.30600853037485054, 0.29885902255961644, 0.2917083160454683, 0.2821149619893876, 0.27558384881992287, 0.26861171910811543, 0.2646657326055338, 0.2585793856500345, 0.25023919715254755, 0.24249825636957126, 0.23842773228560213, 0.23199285350493548, 0.2239417447357038, 0.21953498847675396, 0.21259349388957055, 0.20741522896021974, 0.20086592253381272, 0.19364640269427552, 0.19007409888967905], "binary_accuracy": [0.7172431202435607, 0.7994193385057273, 0.8143145670887196, 0.8259277959659647, 0.8356475635659542, 0.8377934863127352, 0.8502903306944688, 0.854960868437463, 0.8596314063008401, 0.8630396364253448, 0.8673314819339549, 0.8747790960223047, 0.8752840190215473, 0.880459479778832, 0.884498863757725, 0.8894218630153884, 0.8919464782674155, 0.8971219387688862, 0.8985104771221385, 0.9025498611160795, 0.9063367837307821, 0.9073466294885013, 0.9096187829700452, 0.9120171672465434, 0.918707397106891, 0.9219893964665371, 0.919843473719756, 0.9246402423479918, 0.9247664730827545, 0.9295632417109903, 0.7209038122438837, 0.795884877526077, 0.8174703355932199, 0.8337541025896561, 0.8400656399447579, 0.8471345619492024, 0.8531936378347786, 0.8579904064329187, 0.8663216360558527, 0.868467558787586, 0.868467558531772, 0.8824791718961855, 0.8798283261351139, 0.8818480181471322, 0.8875284019036596, 0.8901792477550184, 0.8935874779848582, 0.8977530926383225, 0.9021711690020784, 0.9026760917455071, 0.9054531683918202, 0.9083564754869865, 0.9120171674873094, 0.9156778590963874, 0.9184549355621261, 0.9200959353548083, 0.924892703967996, 0.9274173187234431, 0.9246402423479918, 0.9294370107204136, 0.7321383487362658, 0.806488260615507, 0.8215097197376396, 0.8347639483473753, 0.8419591013273486, 0.8489017922960728, 0.8547084069077459, 0.8595051752952155, 0.8645544054080248, 0.8675839433131932, 0.8721282504117118, 0.8720020197973322, 0.8793234030305361, 0.8827316333807589, 0.8836152486444814, 0.8898005553701556, 0.8942186315081933, 0.8920727088817951, 0.8948497855130605, 0.8992678615006194, 0.903812168734569, 0.906336783610399, 0.908608937091943, 0.914036859469232, 0.9152991668620034, 0.9180762432224069, 0.9179500124725962, 0.9250189345974237, 0.9236303963344586, 0.9275435495785889]}