{"val_loss": [0.6037350570776437, 0.56264471017851, 0.5341553723854227, 0.522214642051252, 0.5353095904255925, 0.4879783028637984, 0.49858858602207035, 0.48936163715675945, 0.4795613281507795, 0.4739690797910252, 0.48548278833867803, 0.4866961961078981, 0.4636462110723287, 0.47529864279625694, 0.4657006231087257, 0.4488201374089339, 0.4599954806031271, 0.44870258156907855, 0.4479097380654972, 0.45090083762108224, 0.5031332891737194, 0.4472686450388743, 0.44896760151158793, 0.4719481248105794, 0.4706283858302625, 0.4334045034625926, 0.44233840882988784, 0.42885659292814166, 0.43682937697892477, 0.43295409232904547], "val_acc": [0.7124558301780755, 0.7385159010600707, 0.7482332155477032, 0.7579505298247186, 0.7451413429668009, 0.7747349821215384, 0.7734098937823157, 0.7720848056537103, 0.7765017665738352, 0.7848939929328622, 0.7756183745583038, 0.7773851590106007, 0.7906360424028268, 0.7862190814827019, 0.7919611305314324, 0.8003533568904594, 0.795494699436026, 0.8012367491166078, 0.8016784454402991, 0.8016784450190648, 0.7795936395759717, 0.8043286221187443, 0.8131625439589942, 0.8003533566798422, 0.7985865722275455, 0.8118374558303887, 0.8096289752650176, 0.8180212014134276, 0.8153710249455994, 0.8140459366063768], "loss": [0.662370417837963, 0.6179652836881964, 0.5971319816745131, 0.5795925809138653, 0.5578836674748633, 0.5490058326594789, 0.5417070329956742, 0.5268245568572798, 0.5245058358814102, 0.5178669102262349, 0.5138968037884815, 0.5073125258565881, 0.49864085343292763, 0.5039617444071858, 0.49536122290271306, 0.494862774847373, 0.48599557399117743, 0.4891263023526703, 0.4848151052278029, 0.4785845199714132, 0.47530084691153607, 0.4800927901818758, 0.47616278931472195, 0.47202104021581365, 0.46895818560149327, 0.4617645792499452, 0.46332434162110037, 0.4634712792216332, 0.46504923695267164, 0.4538700183031987], "acc": [0.602878061080635, 0.6728098964606894, 0.6889674324966446, 0.7094168139509227, 0.7231759656200925, 0.7313809643878807, 0.7376925018483176, 0.7475385003485965, 0.7464024236604921, 0.7559959606461019, 0.755743499086289, 0.7585205755520277, 0.7698813431252738, 0.7657157283062828, 0.7692501893611726, 0.7697551123303195, 0.777455188098865, 0.772027265857007, 0.7760666498058043, 0.7801060338599367, 0.7804847261093687, 0.777960111052964, 0.7803584952692707, 0.781242110563089, 0.7879323403481973, 0.7928553395155734, 0.7866700327898992, 0.7880585710227686, 0.7875536480837174, 0.7905831860189816]}